StateID,NorthIsWall,SouthIsWall,EastIsWall,WestIsWall,ManhattanDistance,PositionToPlayer,Q_Up,Q_Right,Q_Down,Q_Left
0,0,0,0,0,0,0,0,0,0,0
1,0,0,0,0,1,0,0,0,0,0
2,0,0,0,0,2,0,0,0,0,0
3,0,0,0,0,3,0,0,0,0,0
4,0,0,0,0,4,0,0,0,0,0
5,0,0,0,0,5,0,0,0,0,0
6,0,0,0,0,6,0,0,0,0,0
7,0,0,0,0,7,0,0,0,0,0
8,0,0,0,0,8,0,0,0,0,0
9,0,0,0,0,9,0,0,0,0,0
10,0,0,0,0,10,0,0,0,0,0
11,0,0,0,0,11,0,0,0,0,0
12,0,0,0,0,12,0,0,0,0,0
13,0,0,0,0,13,0,0,0,0,0
14,0,0,0,0,14,0,0,0,0,0
15,0,0,0,0,15,0,0,0,0,0
16,0,0,0,0,16,0,0,0,0,0
17,0,0,0,0,17,0,0,0,0,0
18,0,0,0,0,18,0,0,0,0,0
19,0,0,0,0,19,0,0,0,0,0
20,0,0,0,0,20,0,0,0,0,0
21,0,0,0,0,21,0,0,0,0,0
22,0,0,0,0,22,0,0,0,0,0
23,0,0,0,0,23,0,0,0,0,0
24,0,0,0,0,24,0,0,0,0,0
25,0,0,0,0,25,0,0,0,0,0
26,0,0,0,0,26,0,0,0,0,0
27,0,0,0,0,27,0,0,0,0,0
28,0,0,0,0,28,0,0,0,0,0
29,0,0,0,0,29,0,0,0,0,0
30,0,0,0,0,30,0,0,0,0,0
31,0,0,0,0,31,0,0,0,0,0
32,0,0,0,0,32,0,0,0,0,0
33,0,0,0,0,33,0,0,0,0,0
34,0,0,0,0,34,0,0,0,0,0
35,0,0,0,0,35,0,0,0,0,0
36,0,0,0,0,36,0,0,0,0,0
37,0,0,0,0,37,0,0,0,0,0
38,0,0,0,0,38,0,0,0,0,0
39,0,0,0,0,0,1,0,0,0,0
40,0,0,0,0,1,1,-21.25905,-21.75205,-22.40773,-199.983
41,0,0,0,0,2,1,-52.76603,-104.4016,-133.7364,-199.9985
42,0,0,0,0,3,1,-20.57387,-19.08188,-19.53703,-22.932
43,0,0,0,0,4,1,-34.52364,-28.69521,-36.95387,-65.41579
44,0,0,0,0,5,1,-19.01177,-18.86784,-16.9429,-18.77014
45,0,0,0,0,6,1,-21.55977,-23.05445,-23.52975,-23.32215
46,0,0,0,0,7,1,-17.52831,-18.27337,-15.69372,-16.90759
47,0,0,0,0,8,1,-22.43957,-21.9261,-22.46642,-21.09363
48,0,0,0,0,9,1,-17.50979,-18.46189,-17.78235,-17.20947
49,0,0,0,0,10,1,-16.16449,-18.74907,-18.83676,-16.65648
50,0,0,0,0,11,1,-15.39921,-17.01682,-15.85909,-15.72577
51,0,0,0,0,12,1,-16.0718,-16.40428,-15.54281,-12.02828
52,0,0,0,0,13,1,-16.65625,-16.45254,-16.50445,-14.71594
53,0,0,0,0,14,1,-14.89805,-16.20031,-12.14896,-15.41325
54,0,0,0,0,15,1,-14.51116,-15.71214,-15.74756,-15.0618
55,0,0,0,0,16,1,-14.59819,-14.75045,-13.38015,-14.66869
56,0,0,0,0,17,1,-12.63933,-12.37992,-13.5313,-15.23619
57,0,0,0,0,18,1,-13.62159,-12.25347,-13.48628,-12.5051
58,0,0,0,0,19,1,-10.7493,-12.36027,-11.2321,-12.07021
59,0,0,0,0,20,1,-9.32533,-9.927273,-8.509288,-10.3491
60,0,0,0,0,21,1,-7.489613,-8.604124,-8.448083,-8.034531
61,0,0,0,0,22,1,-4.569345,-4.980857,-6.982828,-4.585927
62,0,0,0,0,23,1,-5.253089,-3.6208,-3.6568,-4.801317
63,0,0,0,0,24,1,-4.054441,-3.0672,-4.141251,-1
64,0,0,0,0,25,1,-2.62,-2.908,-2.2716,-2.99728
65,0,0,0,0,26,1,-2.62,-1.98,-2.8792,-4.338784
66,0,0,0,0,27,1,-1,-1,0,-2.268
67,0,0,0,0,28,1,-1.98,0,0,-1.98
68,0,0,0,0,29,1,-1,0,-1,0
69,0,0,0,0,30,1,0,-1,-1,-1
70,0,0,0,0,31,1,0,0,-1,0
71,0,0,0,0,32,1,-1,0,0,0
72,0,0,0,0,33,1,0,-1,0,0
73,0,0,0,0,34,1,0,0,0,0
74,0,0,0,0,35,1,0,0,0,0
75,0,0,0,0,36,1,0,0,0,0
76,0,0,0,0,37,1,0,0,0,0
77,0,0,0,0,38,1,0,0,0,0
78,0,0,0,0,0,2,0,0,0,0
79,0,0,0,0,1,2,-25.5727,-199.9997,-25.00737,-25.97635
80,0,0,0,0,2,2,-77.41132,-199.9997,-150.0167,-68.96082
81,0,0,0,0,3,2,-23.83246,-22.96027,-22.63439,-22.27447
82,0,0,0,0,4,2,-47.23214,-47.80927,-42.18483,-38.36885
83,0,0,0,0,5,2,-19.98969,-22.93533,-20.05167,-20.46068
84,0,0,0,0,6,2,-29.65997,-28.78868,-30.65679,-26.4549
85,0,0,0,0,7,2,-19.74153,-18.94764,-18.89038,-18.72258
86,0,0,0,0,8,2,-23.9345,-22.94512,-22.23974,-22.75071
87,0,0,0,0,9,2,-16.75459,-17.14411,-18.42345,-18.92496
88,0,0,0,0,10,2,-22.27221,-17.03658,-20.39149,-20.02352
89,0,0,0,0,11,2,-20.30889,-20.31653,-19.58603,-19.90817
90,0,0,0,0,12,2,-20.50766,-21.12073,-21.30483,-17.77223
91,0,0,0,0,13,2,-21.35704,-19.18122,-20.84195,-21.66916
92,0,0,0,0,14,2,-19.33648,-20.52298,-18.28997,-19.76428
93,0,0,0,0,15,2,-16.90364,-21.03769,-18.8724,-17.96876
94,0,0,0,0,16,2,-16.13096,-18.29279,-14.5504,-14.53383
95,0,0,0,0,17,2,-15.91139,-17.38949,-17.64696,-16.18087
96,0,0,0,0,18,2,-13.42489,-14.94563,-11.35104,-11.81987
97,0,0,0,0,19,2,-12.17875,-15.59235,-13.20198,-12.33407
98,0,0,0,0,20,2,-10.87713,-10.652,-10.40024,-8.873191
99,0,0,0,0,21,2,-8.077739,-12.18344,-8.71713,-7.308951
100,0,0,0,0,22,2,-7.886235,-5.216928,-6.537342,-5.760272
101,0,0,0,0,23,2,-4.0716,-7.087846,-7.572926,-4.06
102,0,0,0,0,24,2,-2.935484,-4.616606,-2.923147,-2.908
103,0,0,0,0,25,2,-3.966328,-5.427724,-2.952,-3.003684
104,0,0,0,0,26,2,-1.8,-3.61944,-1.8,-1.8
105,0,0,0,0,27,2,-2.18232,0,-1.8,0
106,0,0,0,0,28,2,-3.25648,-1,0,0
107,0,0,0,0,29,2,-1.98,-1.8,0,-1
108,0,0,0,0,30,2,0,-1,0,0
109,0,0,0,0,31,2,-1.8,0,-1,0
110,0,0,0,0,32,2,0,0,0,0
111,0,0,0,0,33,2,-1,0,0,0
112,0,0,0,0,34,2,-1,0,0,0
113,0,0,0,0,35,2,0,0,0,0
114,0,0,0,0,36,2,0,0,0,0
115,0,0,0,0,37,2,0,0,0,0
116,0,0,0,0,38,2,0,0,0,0
117,0,0,0,0,0,3,0,0,0,0
118,0,0,0,0,1,3,-199.9977,-22.8232,-22.99299,-24.61139
119,0,0,0,0,2,3,-194.3705,-40.59691,-17.2074,-40.35255
120,0,0,0,0,3,3,-18.16466,-14.25341,-10.89041,-15.84145
121,0,0,0,0,4,3,-13.04505,-12.75447,-12.7633,-17.76535
122,0,0,0,0,5,3,-9.690883,-9.10481,-8.241279,-11.27203
123,0,0,0,0,6,3,-5.772968,-9.350892,-3.0672,-10.28966
124,0,0,0,0,7,3,-4.6867,-3.064148,-5.888535,-10.24531
125,0,0,0,0,8,3,-10.2052,-11.82468,-7.785553,-9.671696
126,0,0,0,0,9,3,-2.62,-3.134477,-1,-8.122739
127,0,0,0,0,10,3,-4.661973,-7.202738,-2.584,-10.4681
128,0,0,0,0,11,3,-3.856563,-4.456605,-1,-4.395567
129,0,0,0,0,12,3,-2.90512,-2.998297,0,-5.907295
130,0,0,0,0,13,3,-2.144317,-1,0,0
131,0,0,0,0,14,3,0,0,0,0
132,0,0,0,0,15,3,0,-2.185057,0,0
133,0,0,0,0,16,3,0,0,0,0
134,0,0,0,0,17,3,0,0,0,0
135,0,0,0,0,18,3,0,0,0,0
136,0,0,0,0,19,3,0,0,0,0
137,0,0,0,0,20,3,0,0,0,0
138,0,0,0,0,21,3,0,0,0,0
139,0,0,0,0,22,3,0,0,0,0
140,0,0,0,0,23,3,0,0,0,0
141,0,0,0,0,24,3,0,0,0,0
142,0,0,0,0,25,3,0,0,0,0
143,0,0,0,0,26,3,0,0,0,0
144,0,0,0,0,27,3,0,0,0,0
145,0,0,0,0,28,3,0,0,0,0
146,0,0,0,0,29,3,0,0,0,0
147,0,0,0,0,30,3,0,0,0,0
148,0,0,0,0,31,3,0,0,0,0
149,0,0,0,0,32,3,0,0,0,0
150,0,0,0,0,33,3,0,0,0,0
151,0,0,0,0,34,3,0,0,0,0
152,0,0,0,0,35,3,0,0,0,0
153,0,0,0,0,36,3,0,0,0,0
154,0,0,0,0,37,3,0,0,0,0
155,0,0,0,0,38,3,0,0,0,0
156,0,0,0,0,0,4,0,0,0,0
157,0,0,0,0,1,4,-22.64918,-23.14394,-199.9891,-25.31317
158,0,0,0,0,2,4,-25.94679,-45.00098,-197.1177,-58.1499
159,0,0,0,0,3,4,-10.59447,-14.22707,-17.606,-16.72907
160,0,0,0,0,4,4,-16.43889,-27.48132,-16.27338,-21.053
161,0,0,0,0,5,4,-7.306038,-8.489221,-8.572123,-5.424022
162,0,0,0,0,6,4,-15.65513,-10.78808,-12.05485,-16.3111
163,0,0,0,0,7,4,-5.131594,-10.48105,-9.602938,-9.101756
164,0,0,0,0,8,4,-10.34859,-11.99042,-13.4241,-15.06562
165,0,0,0,0,9,4,-5.240419,-7.646014,-7.849422,-6.461112
166,0,0,0,0,10,4,-7.353841,-7.50179,-7.363832,-6.117496
167,0,0,0,0,11,4,-3.308605,-5.848749,-1.8,-10.52807
168,0,0,0,0,12,4,-4.783972,-6.52944,-3.310925,-7.850514
169,0,0,0,0,13,4,-5.216768,-3.258114,-3.42,-11.49023
170,0,0,0,0,14,4,0,-3.359049,-1.519958,-2.44646
171,0,0,0,0,15,4,-1.98,-3.481632,-2.2716,-10.04195
172,0,0,0,0,16,4,-1,-1,-1.813805,-2.278845
173,0,0,0,0,17,4,-1,-2.809785,0,-1.38232
174,0,0,0,0,18,4,0,0,0,0
175,0,0,0,0,19,4,0,0,0,0
176,0,0,0,0,20,4,0,0,0,0
177,0,0,0,0,21,4,0,0,0,0
178,0,0,0,0,22,4,0,0,0,0
179,0,0,0,0,23,4,0,0,0,0
180,0,0,0,0,24,4,0,0,0,0
181,0,0,0,0,25,4,0,0,0,0
182,0,0,0,0,26,4,0,0,0,0
183,0,0,0,0,27,4,0,0,0,0
184,0,0,0,0,28,4,0,0,0,0
185,0,0,0,0,29,4,0,0,0,0
186,0,0,0,0,30,4,0,0,0,0
187,0,0,0,0,31,4,0,0,0,0
188,0,0,0,0,32,4,0,0,0,0
189,0,0,0,0,33,4,0,0,0,0
190,0,0,0,0,34,4,0,0,0,0
191,0,0,0,0,35,4,0,0,0,0
192,0,0,0,0,36,4,0,0,0,0
193,0,0,0,0,37,4,0,0,0,0
194,0,0,0,0,38,4,0,0,0,0
195,0,0,0,1,0,0,0,0,0,0
196,0,0,0,1,1,0,0,0,0,0
197,0,0,0,1,2,0,0,0,0,0
198,0,0,0,1,3,0,0,0,0,0
199,0,0,0,1,4,0,0,0,0,0
200,0,0,0,1,5,0,0,0,0,0
201,0,0,0,1,6,0,0,0,0,0
202,0,0,0,1,7,0,0,0,0,0
203,0,0,0,1,8,0,0,0,0,0
204,0,0,0,1,9,0,0,0,0,0
205,0,0,0,1,10,0,0,0,0,0
206,0,0,0,1,11,0,0,0,0,0
207,0,0,0,1,12,0,0,0,0,0
208,0,0,0,1,13,0,0,0,0,0
209,0,0,0,1,14,0,0,0,0,0
210,0,0,0,1,15,0,0,0,0,0
211,0,0,0,1,16,0,0,0,0,0
212,0,0,0,1,17,0,0,0,0,0
213,0,0,0,1,18,0,0,0,0,0
214,0,0,0,1,19,0,0,0,0,0
215,0,0,0,1,20,0,0,0,0,0
216,0,0,0,1,21,0,0,0,0,0
217,0,0,0,1,22,0,0,0,0,0
218,0,0,0,1,23,0,0,0,0,0
219,0,0,0,1,24,0,0,0,0,0
220,0,0,0,1,25,0,0,0,0,0
221,0,0,0,1,26,0,0,0,0,0
222,0,0,0,1,27,0,0,0,0,0
223,0,0,0,1,28,0,0,0,0,0
224,0,0,0,1,29,0,0,0,0,0
225,0,0,0,1,30,0,0,0,0,0
226,0,0,0,1,31,0,0,0,0,0
227,0,0,0,1,32,0,0,0,0,0
228,0,0,0,1,33,0,0,0,0,0
229,0,0,0,1,34,0,0,0,0,0
230,0,0,0,1,35,0,0,0,0,0
231,0,0,0,1,36,0,0,0,0,0
232,0,0,0,1,37,0,0,0,0,0
233,0,0,0,1,38,0,0,0,0,0
234,0,0,0,1,0,1,0,0,0,0
235,0,0,0,1,1,1,0,0,0,0
236,0,0,0,1,2,1,-43.01167,-17.86133,-45.06826,-199.8
237,0,0,0,1,3,1,-9.239532,-13.99033,-6.670793,-740.3327
238,0,0,0,1,4,1,-19.22585,-19.58411,-26.9254,-895.8904
239,0,0,0,1,5,1,-10.19538,-12.31875,-9.477079,-739.1508
240,0,0,0,1,6,1,-12.18525,-16.38024,-13.79989,-199.8
241,0,0,0,1,7,1,-8.026609,-12.70225,-6.7147,-591.8583
242,0,0,0,1,8,1,-7.020946,-15.18287,-7.43593,-741.0388
243,0,0,0,1,9,1,-11.45449,-5.860292,-10.58892,-673.3929
244,0,0,0,1,10,1,-11.75129,-11.68781,-10.8938,-836.985
245,0,0,0,1,11,1,-10.93208,-12.60551,-10.95194,-488.5791
246,0,0,0,1,12,1,-8.855808,-9.954066,-8.755311,-739.5164
247,0,0,0,1,13,1,-9.617444,-7.935495,-7.293544,-738.6591
248,0,0,0,1,14,1,-5.117091,-5.904016,-5.235611,0
249,0,0,0,1,15,1,-7.123102,-7.567179,-9.053889,-867.4413
250,0,0,0,1,16,1,-4.459839,-6.247579,-7.875407,-199.8
251,0,0,0,1,17,1,-4.355996,-6.326414,-6.410794,-488.2308
252,0,0,0,1,18,1,-3.683745,-9.286517,0,-737.1182
253,0,0,0,1,19,1,0,-2.805076,-1.784079,-199.8
254,0,0,0,1,20,1,-2.764,-4.253334,-3.902876,-590.5663
255,0,0,0,1,21,1,-1,-4.347326,-2.08512,-359.64
256,0,0,0,1,22,1,-1.944,-1,-1.18,-487.512
257,0,0,0,1,23,1,-2.067575,0,-1,-199.8
258,0,0,0,1,24,1,-1,-1.98,-1,0
259,0,0,0,1,25,1,-1,-1.18,-1,0
260,0,0,0,1,26,1,0,0,0,0
261,0,0,0,1,27,1,-1,0,0,0
262,0,0,0,1,28,1,0,0,0,0
263,0,0,0,1,29,1,0,0,0,0
264,0,0,0,1,30,1,0,0,0,0
265,0,0,0,1,31,1,0,0,0,0
266,0,0,0,1,32,1,0,0,0,0
267,0,0,0,1,33,1,0,0,0,0
268,0,0,0,1,34,1,0,0,0,0
269,0,0,0,1,35,1,0,0,0,0
270,0,0,0,1,36,1,0,0,0,0
271,0,0,0,1,37,1,0,0,0,0
272,0,0,0,1,38,1,0,0,0,0
273,0,0,0,1,0,2,0,0,0,0
274,0,0,0,1,1,2,-14.57784,-197.6942,-16.90035,-993.7461
275,0,0,0,1,2,2,-117.8794,-199.3955,-136.2685,-1074.427
276,0,0,0,1,3,2,-12.46282,-17.81098,-12.92329,-1007.673
277,0,0,0,1,4,2,-40.08915,-36.6037,-45.31041,-1015.461
278,0,0,0,1,5,2,-13.59042,-14.83462,-12.82333,-980.2044
279,0,0,0,1,6,2,-23.68921,-26.83535,-29.74167,-1013.333
280,0,0,0,1,7,2,-13.95748,-16.69213,-13.38215,-1005.895
281,0,0,0,1,8,2,-16.11013,-15.99285,-15.42321,-997.2238
282,0,0,0,1,9,2,-15.96597,-14.02699,-15.74032,-986.9308
283,0,0,0,1,10,2,-13.58886,-17.63943,-14.69258,-990.528
284,0,0,0,1,11,2,-10.30932,-14.48319,-11.49456,-936.0892
285,0,0,0,1,12,2,-12.23627,-14.80563,-13.29271,-1003.992
286,0,0,0,1,13,2,-10.29961,-13.52679,-10.06876,-918.8651
287,0,0,0,1,14,2,-13.41887,-15.52952,-10.5374,-1004.69
288,0,0,0,1,15,2,-9.655492,-14.26049,-10.35903,-970.0146
289,0,0,0,1,16,2,-12.86213,-14.95445,-11.63173,-961.952
290,0,0,0,1,17,2,-8.554899,-14.2638,-9.137143,-835.7935
291,0,0,0,1,18,2,-10.09936,-8.354876,-9.997705,-674.1913
292,0,0,0,1,19,2,-8.25298,-8.969315,-8.181614,-791.9922
293,0,0,0,1,20,2,-6.164105,-8.922969,-5.636509,-834.0405
294,0,0,0,1,21,2,-4.355128,-6.213967,-5.058918,-359.9964
295,0,0,0,1,22,2,-3.563875,-5.273202,-2.040766,-199.8
296,0,0,0,1,23,2,-3.3616,-4.443281,-2.44152,-487.512
297,0,0,0,1,24,2,-2.44,-3.395768,-1,-359.82
298,0,0,0,1,25,2,-2.971579,-3.228279,-3.284947,-359.82
299,0,0,0,1,26,2,-1,-2.62,-1.98,0
300,0,0,0,1,27,2,-1,-4.130002,-2.62,-359.64
301,0,0,0,1,28,2,-1,-1,0,0
302,0,0,0,1,29,2,-1,0,-1.18,0
303,0,0,0,1,30,2,-1.8,-1,0,-199.8
304,0,0,0,1,31,2,-1,-1.8,0,0
305,0,0,0,1,32,2,0,-1,0,0
306,0,0,0,1,33,2,-1,0,0,-199.8
307,0,0,0,1,34,2,0,0,0,0
308,0,0,0,1,35,2,0,0,0,0
309,0,0,0,1,36,2,0,0,0,0
310,0,0,0,1,37,2,0,0,0,0
311,0,0,0,1,38,2,0,0,0,0
312,0,0,0,1,0,3,0,0,0,0
313,0,0,0,1,1,3,-192.9631,-20.78416,-18.09898,-956.0886
314,0,0,0,1,2,3,-147.5712,-69.60153,-12.1294,-836.2077
315,0,0,0,1,3,3,-6.44048,-4.461422,-2.444696,-359.64
316,0,0,0,1,4,3,-5.025493,-1.2124,-2.670209,-359.82
317,0,0,0,1,5,3,-2.423158,-4.888786,0,-199.8
318,0,0,0,1,6,3,-2.44,-4.905911,-1,-199.8
319,0,0,0,1,7,3,0,0,-1.551547,-359.64
320,0,0,0,1,8,3,-3.876192,-1,-1,-199.8
321,0,0,0,1,9,3,0,0,0,0
322,0,0,0,1,10,3,-1,-5.797606,0,-199.8
323,0,0,0,1,11,3,-1.18,0,0,0
324,0,0,0,1,12,3,-1.3564,0,0,0
325,0,0,0,1,13,3,0,0,0,0
326,0,0,0,1,14,3,-1.8,0,0,0
327,0,0,0,1,15,3,0,0,0,0
328,0,0,0,1,16,3,0,0,0,0
329,0,0,0,1,17,3,0,0,0,0
330,0,0,0,1,18,3,0,0,0,0
331,0,0,0,1,19,3,0,0,0,0
332,0,0,0,1,20,3,0,0,0,0
333,0,0,0,1,21,3,0,0,0,0
334,0,0,0,1,22,3,0,0,0,0
335,0,0,0,1,23,3,0,0,0,0
336,0,0,0,1,24,3,0,0,0,0
337,0,0,0,1,25,3,0,0,0,0
338,0,0,0,1,26,3,0,0,0,0
339,0,0,0,1,27,3,0,0,0,0
340,0,0,0,1,28,3,0,0,0,0
341,0,0,0,1,29,3,0,0,0,0
342,0,0,0,1,30,3,0,0,0,0
343,0,0,0,1,31,3,0,0,0,0
344,0,0,0,1,32,3,0,0,0,0
345,0,0,0,1,33,3,0,0,0,0
346,0,0,0,1,34,3,0,0,0,0
347,0,0,0,1,35,3,0,0,0,0
348,0,0,0,1,36,3,0,0,0,0
349,0,0,0,1,37,3,0,0,0,0
350,0,0,0,1,38,3,0,0,0,0
351,0,0,0,1,0,4,0,0,0,0
352,0,0,0,1,1,4,-14.64401,-17.20285,-196.3971,-1006.603
353,0,0,0,1,2,4,-13.65664,-39.8693,-97.6,-792.3474
354,0,0,0,1,3,4,0,-1.81826,-2.882413,-199.8
355,0,0,0,1,4,4,-2.44,-7.644131,-3.847745,-589.8096
356,0,0,0,1,5,4,-1,-1,-1,0
357,0,0,0,1,6,4,-3.6504,-5.761871,-2.44,-488.2104
358,0,0,0,1,7,4,-1.8,-2.78278,-1,-487.836
359,0,0,0,1,8,4,-2.764,-5.754721,-2.952,-487.8262
360,0,0,0,1,9,4,-2.495449,-1,-1.8,-199.8
361,0,0,0,1,10,4,-2.11453,-4.317121,0,-359.64
362,0,0,0,1,11,4,0,0,0,0
363,0,0,0,1,12,4,0,0,0,0
364,0,0,0,1,13,4,0,0,0,0
365,0,0,0,1,14,4,0,0,0,0
366,0,0,0,1,15,4,0,0,0,0
367,0,0,0,1,16,4,-1,0,0,0
368,0,0,0,1,17,4,0,0,0,0
369,0,0,0,1,18,4,0,0,0,0
370,0,0,0,1,19,4,0,0,0,0
371,0,0,0,1,20,4,0,0,0,0
372,0,0,0,1,21,4,0,0,0,0
373,0,0,0,1,22,4,0,0,0,0
374,0,0,0,1,23,4,0,0,0,0
375,0,0,0,1,24,4,0,0,0,0
376,0,0,0,1,25,4,0,0,0,0
377,0,0,0,1,26,4,0,0,0,0
378,0,0,0,1,27,4,0,0,0,0
379,0,0,0,1,28,4,0,0,0,0
380,0,0,0,1,29,4,0,0,0,0
381,0,0,0,1,30,4,0,0,0,0
382,0,0,0,1,31,4,0,0,0,0
383,0,0,0,1,32,4,0,0,0,0
384,0,0,0,1,33,4,0,0,0,0
385,0,0,0,1,34,4,0,0,0,0
386,0,0,0,1,35,4,0,0,0,0
387,0,0,0,1,36,4,0,0,0,0
388,0,0,0,1,37,4,0,0,0,0
389,0,0,0,1,38,4,0,0,0,0
390,0,0,1,0,0,0,-40,0,0,0
391,0,0,1,0,1,0,0,0,0,0
392,0,0,1,0,2,0,0,0,0,0
393,0,0,1,0,3,0,0,0,0,0
394,0,0,1,0,4,0,0,0,0,0
395,0,0,1,0,5,0,0,0,0,0
396,0,0,1,0,6,0,0,0,0,0
397,0,0,1,0,7,0,0,0,0,0
398,0,0,1,0,8,0,0,0,0,0
399,0,0,1,0,9,0,0,0,0,0
400,0,0,1,0,10,0,0,0,0,0
401,0,0,1,0,11,0,0,0,0,0
402,0,0,1,0,12,0,0,0,0,0
403,0,0,1,0,13,0,0,0,0,0
404,0,0,1,0,14,0,0,0,0,0
405,0,0,1,0,15,0,0,0,0,0
406,0,0,1,0,16,0,0,0,0,0
407,0,0,1,0,17,0,0,0,0,0
408,0,0,1,0,18,0,0,0,0,0
409,0,0,1,0,19,0,0,0,0,0
410,0,0,1,0,20,0,0,0,0,0
411,0,0,1,0,21,0,0,0,0,0
412,0,0,1,0,22,0,0,0,0,0
413,0,0,1,0,23,0,0,0,0,0
414,0,0,1,0,24,0,0,0,0,0
415,0,0,1,0,25,0,0,0,0,0
416,0,0,1,0,26,0,0,0,0,0
417,0,0,1,0,27,0,0,0,0,0
418,0,0,1,0,28,0,0,0,0,0
419,0,0,1,0,29,0,0,0,0,0
420,0,0,1,0,30,0,0,0,0,0
421,0,0,1,0,31,0,0,0,0,0
422,0,0,1,0,32,0,0,0,0,0
423,0,0,1,0,33,0,0,0,0,0
424,0,0,1,0,34,0,0,0,0,0
425,0,0,1,0,35,0,0,0,0,0
426,0,0,1,0,36,0,0,0,0,0
427,0,0,1,0,37,0,0,0,0,0
428,0,0,1,0,38,0,0,0,0,0
429,0,0,1,0,0,1,0,0,0,0
430,0,0,1,0,1,1,-21.15818,-1011.465,-20.95282,-199.0555
431,0,0,1,0,2,1,-163.0176,-1057.571,-129.9359,-195.4964
432,0,0,1,0,3,1,-13.94284,-974.536,-15.14444,-18.47038
433,0,0,1,0,4,1,-79.24901,-1006.858,-47.49187,-43.36516
434,0,0,1,0,5,1,-13.78899,-962.3478,-12.97826,-13.99818
435,0,0,1,0,6,1,-24.65733,-958.0828,-21.65508,-25.01598
436,0,0,1,0,7,1,-14.28871,-994.085,-14.77549,-15.1231
437,0,0,1,0,8,1,-18.27792,-991.6422,-17.81975,-19.67778
438,0,0,1,0,9,1,-14.5299,-743.2114,-14.13646,-14.88987
439,0,0,1,0,10,1,-16.6762,-994.8696,-12.38901,-17.01107
440,0,0,1,0,11,1,-14.25253,-1007.333,-14.43875,-17.87064
441,0,0,1,0,12,1,-14.54625,-951.9713,-13.98701,-17.46044
442,0,0,1,0,13,1,-14.99456,-951.7937,-13.69536,-13.32962
443,0,0,1,0,14,1,-13.15169,-1003.188,-14.52477,-15.89009
444,0,0,1,0,15,1,-13.6128,-937.0145,-14.00335,-14.88551
445,0,0,1,0,16,1,-13.57384,-837.3815,-13.22208,-14.09659
446,0,0,1,0,17,1,-11.46932,-921.0527,-11.81505,-13.60707
447,0,0,1,0,18,1,-10.42306,-948.8696,-9.786573,-12.28065
448,0,0,1,0,19,1,-8.370746,-896.0204,-9.994952,-10.65867
449,0,0,1,0,20,1,-6.064355,-792.7917,-7.76365,-10.16342
450,0,0,1,0,21,1,-5.371686,-591.2282,-4.878554,-6.01285
451,0,0,1,0,22,1,-6.256208,-590.2488,-5.968559,-5.427226
452,0,0,1,0,23,1,-2.285856,-199.8,-2.463408,-3.324709
453,0,0,1,0,24,1,-2.396852,-199.8,-3.232008,-2.978309
454,0,0,1,0,25,1,-3.096,-590.4511,-2.9404,-3.12566
455,0,0,1,0,26,1,-2.078791,-487.836,-2.44,-1.8
456,0,0,1,0,27,1,-1,0,-1,0
457,0,0,1,0,28,1,-1,-199.8,-2.62,-1
458,0,0,1,0,29,1,-1,0,0,0
459,0,0,1,0,30,1,-2.952,-487.512,-1,0
460,0,0,1,0,31,1,0,0,0,-1
461,0,0,1,0,32,1,-1,0,0,-1
462,0,0,1,0,33,1,0,0,0,-1
463,0,0,1,0,34,1,0,0,-1,0
464,0,0,1,0,35,1,0,0,0,0
465,0,0,1,0,36,1,0,0,0,0
466,0,0,1,0,37,1,0,0,0,0
467,0,0,1,0,38,1,0,0,0,0
468,0,0,1,0,0,2,0,0,0,0
469,0,0,1,0,1,2,0,0,0,0
470,0,0,1,0,2,2,-20.12959,-743.3492,-43.02015,-44.00154
471,0,0,1,0,3,2,-15.34841,-937.9485,-14.61483,-15.37673
472,0,0,1,0,4,2,-24.44069,-919.9506,-26.99553,-24.34262
473,0,0,1,0,5,2,-11.91699,-897.4713,-14.96859,-14.8287
474,0,0,1,0,6,2,-15.98564,-897.5871,-13.52454,-17.76789
475,0,0,1,0,7,2,-13.37097,-969.0999,-7.957468,-12.76712
476,0,0,1,0,8,2,-15.23731,-898.2479,-10.90021,-13.24518
477,0,0,1,0,9,2,-13.64423,-741.2448,-9.997179,-12.84001
478,0,0,1,0,10,2,-9.269663,-869.3046,-9.686604,-14.38598
479,0,0,1,0,11,2,-8.138113,-737.4613,-9.59731,-8.189835
480,0,0,1,0,12,2,-7.721273,-360.6538,-9.223326,-11.23081
481,0,0,1,0,13,2,-8.511157,-868.4521,-9.130807,-7.999629
482,0,0,1,0,14,2,-6.798512,-959.6667,-8.140758,-13.15078
483,0,0,1,0,15,2,-6.514083,-974.1176,-6.981123,-9.424761
484,0,0,1,0,16,2,-6.016356,-672.4382,-3.70872,-9.997031
485,0,0,1,0,17,2,-6.618268,-199.8,-4.796806,-3.1794
486,0,0,1,0,18,2,-1.324,-671.6477,-1.98,-4.870099
487,0,0,1,0,19,2,-6.965464,-590.5138,-5.114464,-1.603286
488,0,0,1,0,20,2,-5.038623,-737.5862,-2.908,-2.990964
489,0,0,1,0,21,2,-2.908,-359.64,-4.065763,-2.44
490,0,0,1,0,22,2,-2.124,-487.512,-1.18,0
491,0,0,1,0,23,2,-1,0,-1.4392,-1
492,0,0,1,0,24,2,0,0,0,0
493,0,0,1,0,25,2,-1,0,0,-1
494,0,0,1,0,26,2,0,0,0,0
495,0,0,1,0,27,2,0,0,0,-1
496,0,0,1,0,28,2,0,0,0,0
497,0,0,1,0,29,2,0,0,-1,0
498,0,0,1,0,30,2,0,0,0,0
499,0,0,1,0,31,2,0,0,0,0
500,0,0,1,0,32,2,0,0,0,0
501,0,0,1,0,33,2,0,0,0,0
502,0,0,1,0,34,2,0,0,0,0
503,0,0,1,0,35,2,0,0,0,0
504,0,0,1,0,36,2,0,0,0,0
505,0,0,1,0,37,2,0,0,0,0
506,0,0,1,0,38,2,0,0,0,0
507,0,0,1,0,0,3,0,0,0,0
508,0,0,1,0,1,3,-189.0049,-793.6755,-17.35504,-18.21004
509,0,0,1,0,2,3,-158.057,-739.6409,-5.37244,-35.00533
510,0,0,1,0,3,3,-8.939977,-738.1099,-1.8,-15.02727
511,0,0,1,0,4,3,-8.563308,-893.4902,-3.3912,-11.09234
512,0,0,1,0,5,3,-2.018232,-199.8,-2.2716,-4.241643
513,0,0,1,0,6,3,-2.8792,-359.64,-1.8,-1
514,0,0,1,0,7,3,0,-671.6477,-1,-7.69291
515,0,0,1,0,8,3,-1,-359.64,0,0
516,0,0,1,0,9,3,-1,0,-1,-2.0592
517,0,0,1,0,10,3,0,0,-1,0
518,0,0,1,0,11,3,-1,0,0,-1
519,0,0,1,0,12,3,0,0,0,0
520,0,0,1,0,13,3,-1,0,0,0
521,0,0,1,0,14,3,0,0,0,0
522,0,0,1,0,15,3,0,0,0,0
523,0,0,1,0,16,3,0,0,0,0
524,0,0,1,0,17,3,0,0,0,0
525,0,0,1,0,18,3,0,0,0,0
526,0,0,1,0,19,3,0,0,0,0
527,0,0,1,0,20,3,0,0,0,0
528,0,0,1,0,21,3,0,0,0,0
529,0,0,1,0,22,3,0,0,0,0
530,0,0,1,0,23,3,0,0,0,0
531,0,0,1,0,24,3,0,0,0,0
532,0,0,1,0,25,3,0,0,0,0
533,0,0,1,0,26,3,0,0,0,0
534,0,0,1,0,27,3,0,0,0,0
535,0,0,1,0,28,3,0,0,0,0
536,0,0,1,0,29,3,0,0,0,0
537,0,0,1,0,30,3,0,0,0,0
538,0,0,1,0,31,3,0,0,0,0
539,0,0,1,0,32,3,0,0,0,0
540,0,0,1,0,33,3,0,0,0,0
541,0,0,1,0,34,3,0,0,0,0
542,0,0,1,0,35,3,0,0,0,0
543,0,0,1,0,36,3,0,0,0,0
544,0,0,1,0,37,3,0,0,0,0
545,0,0,1,0,38,3,0,0,0,0
546,0,0,1,0,0,4,0,0,0,0
547,0,0,1,0,1,4,-21.59449,-1010.401,-198.1553,-21.89867
548,0,0,1,0,2,4,-11.13284,-868.4418,-158.057,-11.05069
549,0,0,1,0,3,4,-5.454971,-672.992,-16.16142,-6.565081
550,0,0,1,0,4,4,-4.323376,-487.512,-3.597353,-8.868856
551,0,0,1,0,5,4,-2.764,-672.6041,-4.602695,-6.22233
552,0,0,1,0,6,4,-2.6524,-199.8,-2.287553,-2.840475
553,0,0,1,0,7,4,-1.8,-488.0952,-2.8792,-8.756851
554,0,0,1,0,8,4,0,0,0,0
555,0,0,1,0,9,4,-1,0,-2.764,0
556,0,0,1,0,10,4,0,0,-3.151958,0
557,0,0,1,0,11,4,-1,-359.64,0,-6.131776
558,0,0,1,0,12,4,0,0,0,0
559,0,0,1,0,13,4,0,0,0,0
560,0,0,1,0,14,4,0,0,0,0
561,0,0,1,0,15,4,0,0,0,-1.40824
562,0,0,1,0,16,4,0,0,0,0
563,0,0,1,0,17,4,0,0,0,0
564,0,0,1,0,18,4,0,0,0,0
565,0,0,1,0,19,4,0,0,0,0
566,0,0,1,0,20,4,0,0,0,0
567,0,0,1,0,21,4,0,0,0,0
568,0,0,1,0,22,4,0,0,0,0
569,0,0,1,0,23,4,0,0,0,0
570,0,0,1,0,24,4,0,0,0,0
571,0,0,1,0,25,4,0,0,0,0
572,0,0,1,0,26,4,0,0,0,0
573,0,0,1,0,27,4,0,0,0,0
574,0,0,1,0,28,4,0,0,0,0
575,0,0,1,0,29,4,0,0,0,0
576,0,0,1,0,30,4,0,0,0,0
577,0,0,1,0,31,4,0,0,0,0
578,0,0,1,0,32,4,0,0,0,0
579,0,0,1,0,33,4,0,0,0,0
580,0,0,1,0,34,4,0,0,0,0
581,0,0,1,0,35,4,0,0,0,0
582,0,0,1,0,36,4,0,0,0,0
583,0,0,1,0,37,4,0,0,0,0
584,0,0,1,0,38,4,0,0,0,0
585,0,0,1,1,0,0,0,0,0,0
586,0,0,1,1,1,0,0,0,0,0
587,0,0,1,1,2,0,0,0,0,0
588,0,0,1,1,3,0,0,0,0,0
589,0,0,1,1,4,0,0,0,0,0
590,0,0,1,1,5,0,0,0,0,0
591,0,0,1,1,6,0,0,0,0,0
592,0,0,1,1,7,0,0,0,0,0
593,0,0,1,1,8,0,0,0,0,0
594,0,0,1,1,9,0,0,0,0,0
595,0,0,1,1,10,0,0,0,0,0
596,0,0,1,1,11,0,0,0,0,0
597,0,0,1,1,12,0,0,0,0,0
598,0,0,1,1,13,0,0,0,0,0
599,0,0,1,1,14,0,0,0,0,0
600,0,0,1,1,15,0,0,0,0,0
601,0,0,1,1,16,0,0,0,0,0
602,0,0,1,1,17,0,0,0,0,0
603,0,0,1,1,18,0,0,0,0,0
604,0,0,1,1,19,0,0,0,0,0
605,0,0,1,1,20,0,0,0,0,0
606,0,0,1,1,21,0,0,0,0,0
607,0,0,1,1,22,0,0,0,0,0
608,0,0,1,1,23,0,0,0,0,0
609,0,0,1,1,24,0,0,0,0,0
610,0,0,1,1,25,0,0,0,0,0
611,0,0,1,1,26,0,0,0,0,0
612,0,0,1,1,27,0,0,0,0,0
613,0,0,1,1,28,0,0,0,0,0
614,0,0,1,1,29,0,0,0,0,0
615,0,0,1,1,30,0,0,0,0,0
616,0,0,1,1,31,0,0,0,0,0
617,0,0,1,1,32,0,0,0,0,0
618,0,0,1,1,33,0,0,0,0,0
619,0,0,1,1,34,0,0,0,0,0
620,0,0,1,1,35,0,0,0,0,0
621,0,0,1,1,36,0,0,0,0,0
622,0,0,1,1,37,0,0,0,0,0
623,0,0,1,1,38,0,0,0,0,0
624,0,0,1,1,0,1,0,0,0,0
625,0,0,1,1,1,1,0,0,0,0
626,0,0,1,1,2,1,0,0,0,0
627,0,0,1,1,3,1,0,0,0,0
628,0,0,1,1,4,1,0,0,0,0
629,0,0,1,1,5,1,0,0,0,0
630,0,0,1,1,6,1,0,0,0,0
631,0,0,1,1,7,1,0,0,0,0
632,0,0,1,1,8,1,0,0,0,0
633,0,0,1,1,9,1,0,0,0,0
634,0,0,1,1,10,1,0,0,0,0
635,0,0,1,1,11,1,0,0,0,0
636,0,0,1,1,12,1,0,0,0,0
637,0,0,1,1,13,1,0,0,0,0
638,0,0,1,1,14,1,0,0,0,0
639,0,0,1,1,15,1,0,0,0,0
640,0,0,1,1,16,1,0,0,0,0
641,0,0,1,1,17,1,0,0,0,0
642,0,0,1,1,18,1,0,0,0,0
643,0,0,1,1,19,1,0,0,0,0
644,0,0,1,1,20,1,0,0,0,0
645,0,0,1,1,21,1,0,0,0,0
646,0,0,1,1,22,1,0,0,0,0
647,0,0,1,1,23,1,0,0,0,0
648,0,0,1,1,24,1,0,0,0,0
649,0,0,1,1,25,1,0,0,0,0
650,0,0,1,1,26,1,0,0,0,0
651,0,0,1,1,27,1,0,0,0,0
652,0,0,1,1,28,1,0,0,0,0
653,0,0,1,1,29,1,0,0,0,0
654,0,0,1,1,30,1,0,0,0,0
655,0,0,1,1,31,1,0,0,0,0
656,0,0,1,1,32,1,0,0,0,0
657,0,0,1,1,33,1,0,0,0,0
658,0,0,1,1,34,1,0,0,0,0
659,0,0,1,1,35,1,0,0,0,0
660,0,0,1,1,36,1,0,0,0,0
661,0,0,1,1,37,1,0,0,0,0
662,0,0,1,1,38,1,0,0,0,0
663,0,0,1,1,0,2,0,0,0,0
664,0,0,1,1,1,2,0,0,0,0
665,0,0,1,1,2,2,0,0,-1.269554,0
666,0,0,1,1,3,2,-7.113891,-589.8096,-5.277808,-737.6049
667,0,0,1,1,4,2,0,0,-2.808392,0
668,0,0,1,1,5,2,-3.243349,0,-3.302602,-359.64
669,0,0,1,1,6,2,-3.57746,-199.8,-4.4793,-487.512
670,0,0,1,1,7,2,-4.644802,-488.1632,-6.593372,-199.8
671,0,0,1,1,8,2,-6.121802,-673.2614,-7.772848,-739.2385
672,0,0,1,1,9,2,-3.02864,-487.512,0,-359.64
673,0,0,1,1,10,2,-4.666936,-590.4497,-5.91196,-359.9956
674,0,0,1,1,11,2,-2.057005,-359.64,-3.534639,0
675,0,0,1,1,12,2,-2.827337,-359.64,-4.863058,-199.8
676,0,0,1,1,13,2,-2.689691,-488.0909,-6.948336,-199.8
677,0,0,1,1,14,2,-2.348803,-359.64,-3.98077,-199.8
678,0,0,1,1,15,2,-4.147751,-199.8,-7.001396,-590.5826
679,0,0,1,1,16,2,-3.381399,-359.82,-4.639967,-199.8
680,0,0,1,1,17,2,0,0,-2.504666,0
681,0,0,1,1,18,2,-2.026887,-359.64,-2.323813,-199.8
682,0,0,1,1,19,2,0,0,0,0
683,0,0,1,1,20,2,0,0,-2.014572,0
684,0,0,1,1,21,2,-1.90291,-199.8,-1,0
685,0,0,1,1,22,2,0,0,0,0
686,0,0,1,1,23,2,-1.18,0,0,0
687,0,0,1,1,24,2,0,0,0,0
688,0,0,1,1,25,2,0,0,0,0
689,0,0,1,1,26,2,0,0,0,0
690,0,0,1,1,27,2,-1,0,0,0
691,0,0,1,1,28,2,0,0,0,0
692,0,0,1,1,29,2,-1,-199.8,0,-199.8
693,0,0,1,1,30,2,0,0,0,0
694,0,0,1,1,31,2,0,0,0,0
695,0,0,1,1,32,2,0,0,0,0
696,0,0,1,1,33,2,0,0,0,0
697,0,0,1,1,34,2,0,0,0,0
698,0,0,1,1,35,2,0,0,0,0
699,0,0,1,1,36,2,0,0,0,0
700,0,0,1,1,37,2,0,0,0,0
701,0,0,1,1,38,2,0,0,0,0
702,0,0,1,1,0,3,0,0,0,0
703,0,0,1,1,1,3,0,-487.512,-4.274407,-199.8
704,0,0,1,1,2,3,0,0,0,0
705,0,0,1,1,3,3,0,0,0,0
706,0,0,1,1,4,3,0,0,0,0
707,0,0,1,1,5,3,0,0,0,0
708,0,0,1,1,6,3,0,0,0,0
709,0,0,1,1,7,3,0,0,0,0
710,0,0,1,1,8,3,0,0,0,0
711,0,0,1,1,9,3,0,0,0,0
712,0,0,1,1,10,3,0,0,0,0
713,0,0,1,1,11,3,0,0,0,0
714,0,0,1,1,12,3,0,0,0,0
715,0,0,1,1,13,3,0,0,0,0
716,0,0,1,1,14,3,0,0,0,0
717,0,0,1,1,15,3,0,0,0,0
718,0,0,1,1,16,3,0,0,0,0
719,0,0,1,1,17,3,0,0,0,0
720,0,0,1,1,18,3,0,0,0,0
721,0,0,1,1,19,3,0,0,0,0
722,0,0,1,1,20,3,0,0,0,0
723,0,0,1,1,21,3,0,0,0,0
724,0,0,1,1,22,3,0,0,0,0
725,0,0,1,1,23,3,0,0,0,0
726,0,0,1,1,24,3,0,0,0,0
727,0,0,1,1,25,3,0,0,0,0
728,0,0,1,1,26,3,0,0,0,0
729,0,0,1,1,27,3,0,0,0,0
730,0,0,1,1,28,3,0,0,0,0
731,0,0,1,1,29,3,0,0,0,0
732,0,0,1,1,30,3,0,0,0,0
733,0,0,1,1,31,3,0,0,0,0
734,0,0,1,1,32,3,0,0,0,0
735,0,0,1,1,33,3,0,0,0,0
736,0,0,1,1,34,3,0,0,0,0
737,0,0,1,1,35,3,0,0,0,0
738,0,0,1,1,36,3,0,0,0,0
739,0,0,1,1,37,3,0,0,0,0
740,0,0,1,1,38,3,0,0,0,0
741,0,0,1,1,0,4,0,0,0,0
742,0,0,1,1,1,4,-5.293262,0,0,0
743,0,0,1,1,2,4,0,0,0,0
744,0,0,1,1,3,4,0,0,0,0
745,0,0,1,1,4,4,0,0,0,0
746,0,0,1,1,5,4,0,0,0,0
747,0,0,1,1,6,4,0,0,0,0
748,0,0,1,1,7,4,0,0,0,0
749,0,0,1,1,8,4,0,0,0,0
750,0,0,1,1,9,4,0,0,0,0
751,0,0,1,1,10,4,0,0,0,0
752,0,0,1,1,11,4,0,0,0,0
753,0,0,1,1,12,4,0,0,0,0
754,0,0,1,1,13,4,0,0,0,0
755,0,0,1,1,14,4,0,0,0,0
756,0,0,1,1,15,4,0,0,0,0
757,0,0,1,1,16,4,0,0,0,0
758,0,0,1,1,17,4,0,0,0,0
759,0,0,1,1,18,4,0,0,0,0
760,0,0,1,1,19,4,0,0,0,0
761,0,0,1,1,20,4,0,0,0,0
762,0,0,1,1,21,4,0,0,0,0
763,0,0,1,1,22,4,0,0,0,0
764,0,0,1,1,23,4,0,0,0,0
765,0,0,1,1,24,4,0,0,0,0
766,0,0,1,1,25,4,0,0,0,0
767,0,0,1,1,26,4,0,0,0,0
768,0,0,1,1,27,4,0,0,0,0
769,0,0,1,1,28,4,0,0,0,0
770,0,0,1,1,29,4,0,0,0,0
771,0,0,1,1,30,4,0,0,0,0
772,0,0,1,1,31,4,0,0,0,0
773,0,0,1,1,32,4,0,0,0,0
774,0,0,1,1,33,4,0,0,0,0
775,0,0,1,1,34,4,0,0,0,0
776,0,0,1,1,35,4,0,0,0,0
777,0,0,1,1,36,4,0,0,0,0
778,0,0,1,1,37,4,0,0,0,0
779,0,0,1,1,38,4,0,0,0,0
780,0,1,0,0,0,0,0,0,0,0
781,0,1,0,0,1,0,0,0,0,0
782,0,1,0,0,2,0,0,0,0,0
783,0,1,0,0,3,0,0,0,0,0
784,0,1,0,0,4,0,0,0,0,0
785,0,1,0,0,5,0,0,0,0,0
786,0,1,0,0,6,0,0,0,0,0
787,0,1,0,0,7,0,0,0,0,0
788,0,1,0,0,8,0,0,0,0,0
789,0,1,0,0,9,0,0,0,0,0
790,0,1,0,0,10,0,0,0,0,0
791,0,1,0,0,11,0,0,0,0,0
792,0,1,0,0,12,0,0,0,0,0
793,0,1,0,0,13,0,0,0,0,0
794,0,1,0,0,14,0,0,0,0,0
795,0,1,0,0,15,0,0,0,0,0
796,0,1,0,0,16,0,0,0,0,0
797,0,1,0,0,17,0,0,0,0,0
798,0,1,0,0,18,0,0,0,0,0
799,0,1,0,0,19,0,0,0,0,0
800,0,1,0,0,20,0,0,0,0,0
801,0,1,0,0,21,0,0,0,0,0
802,0,1,0,0,22,0,0,0,0,0
803,0,1,0,0,23,0,0,0,0,0
804,0,1,0,0,24,0,0,0,0,0
805,0,1,0,0,25,0,0,0,0,0
806,0,1,0,0,26,0,0,0,0,0
807,0,1,0,0,27,0,0,0,0,0
808,0,1,0,0,28,0,0,0,0,0
809,0,1,0,0,29,0,0,0,0,0
810,0,1,0,0,30,0,0,0,0,0
811,0,1,0,0,31,0,0,0,0,0
812,0,1,0,0,32,0,0,0,0,0
813,0,1,0,0,33,0,0,0,0,0
814,0,1,0,0,34,0,0,0,0,0
815,0,1,0,0,35,0,0,0,0,0
816,0,1,0,0,36,0,0,0,0,0
817,0,1,0,0,37,0,0,0,0,0
818,0,1,0,0,38,0,0,0,0,0
819,0,1,0,0,0,1,0,0,0,0
820,0,1,0,0,1,1,-21.15957,-18.97159,-901.1241,-198.5243
821,0,1,0,0,2,1,-82.65047,-34.45948,-954.389,-192.9631
822,0,1,0,0,3,1,-19.96339,-15.86536,-1000.932,-18.57257
823,0,1,0,0,4,1,-26.59181,-16.41657,-993.6914,-22.89783
824,0,1,0,0,5,1,-17.20794,-17.09357,-1004.012,-16.8546
825,0,1,0,0,6,1,-22.30075,-13.24382,-961.8227,-15.13402
826,0,1,0,0,7,1,-15.14349,-14.02174,-979.6054,-14.80007
827,0,1,0,0,8,1,-17.26728,-9.648963,-674.7649,-12.83062
828,0,1,0,0,9,1,-15.12195,-13.1113,-918.7913,-12.55529
829,0,1,0,0,10,1,-9.396953,-11.00881,-917.7072,-13.96078
830,0,1,0,0,11,1,-12.40992,-12.80508,-872.2476,-12.64155
831,0,1,0,0,12,1,-15.34961,-12.46566,-794.1497,-9.262499
832,0,1,0,0,13,1,-11.48642,-12.0208,-920.1591,-11.87448
833,0,1,0,0,14,1,-15.45404,-9.338483,-488.5232,-8.608741
834,0,1,0,0,15,1,-5.991291,-7.167614,-917.7719,-11.08018
835,0,1,0,0,16,1,-13.69518,-11.46847,-895.8872,-6.551908
836,0,1,0,0,17,1,-10.29438,-8.023714,-791.0694,-7.187348
837,0,1,0,0,18,1,-9.645956,-7.648209,-674.4113,-7.680612
838,0,1,0,0,19,1,-5.92714,-6.938143,-947.2908,-6.346329
839,0,1,0,0,20,1,-2.58511,-3.096215,-199.8,-2.748738
840,0,1,0,0,21,1,-6.49136,-3.970368,-591.34,-5.166254
841,0,1,0,0,22,1,-3.439703,-4.195846,-199.8,-2.08512
842,0,1,0,0,23,1,-2.628007,-2.35728,0,-2.2392
843,0,1,0,0,24,1,-2.239073,-1,-199.8,-2.637986
844,0,1,0,0,25,1,-3.28888,-1,-359.64,-1
845,0,1,0,0,26,1,0,-1.8,-487.512,-1.8
846,0,1,0,0,27,1,-1.18,0,0,0
847,0,1,0,0,28,1,-1.18,0,-199.8,-1
848,0,1,0,0,29,1,-1.8,0,0,0
849,0,1,0,0,30,1,0,0,0,0
850,0,1,0,0,31,1,0,0,0,-1.8
851,0,1,0,0,32,1,0,0,0,0
852,0,1,0,0,33,1,0,0,0,0
853,0,1,0,0,34,1,0,0,0,0
854,0,1,0,0,35,1,0,0,0,0
855,0,1,0,0,36,1,0,0,0,0
856,0,1,0,0,37,1,0,0,0,0
857,0,1,0,0,38,1,0,0,0,0
858,0,1,0,0,0,2,0,0,0,0
859,0,1,0,0,1,2,-22.44544,-199.0555,-1003.751,-21.26507
860,0,1,0,0,2,2,-99.08825,-199.2444,-1031.754,-49.43991
861,0,1,0,0,3,2,-20.63081,-21.00104,-995.6427,-18.16597
862,0,1,0,0,4,2,-34.46313,-27.67244,-1019.498,-29.29798
863,0,1,0,0,5,2,-19.64343,-14.98411,-1003.535,-16.4243
864,0,1,0,0,6,2,-29.13511,-21.10311,-1015.679,-24.44785
865,0,1,0,0,7,2,-14.43748,-14.46967,-984.155,-12.14507
866,0,1,0,0,8,2,-23.81592,-21.32013,-992.9656,-14.30587
867,0,1,0,0,9,2,-19.3421,-14.96874,-974.6539,-17.16493
868,0,1,0,0,10,2,-20.25424,-19.24467,-1013.766,-17.38784
869,0,1,0,0,11,2,-17.75626,-16.41578,-993.3555,-17.59652
870,0,1,0,0,12,2,-19.95486,-19.33095,-1011.562,-17.12581
871,0,1,0,0,13,2,-19.63242,-17.47195,-1002.683,-17.51505
872,0,1,0,0,14,2,-17.87052,-15.99548,-1006.691,-15.69346
873,0,1,0,0,15,2,-17.35048,-17.85792,-1000.4,-16.89081
874,0,1,0,0,16,2,-14.14117,-14.08685,-948.1572,-11.99591
875,0,1,0,0,17,2,-12.59039,-14.91229,-896.5653,-12.87428
876,0,1,0,0,18,2,-12.42823,-8.207235,-868.5411,-7.645088
877,0,1,0,0,19,2,-12.62835,-9.048164,-968.2033,-8.648879
878,0,1,0,0,20,2,-9.159021,-5.920965,-672.7816,-5.625625
879,0,1,0,0,21,2,-4.63747,-4.558305,-590.3928,-2.764
880,0,1,0,0,22,2,-4.391693,-4.756017,-488.1853,-2.9404
881,0,1,0,0,23,2,-4.856816,-3.211159,-590.3928,-1.8
882,0,1,0,0,24,2,-4.708766,-2.815322,-832.6321,-2.9404
883,0,1,0,0,25,2,-1.8,-1,0,0
884,0,1,0,0,26,2,0,-3.602758,-487.512,-2.952
885,0,1,0,0,27,2,-3.08152,-1,0,-1
886,0,1,0,0,28,2,-1,0,0,0
887,0,1,0,0,29,2,-1.8,-1,-199.8,-1
888,0,1,0,0,30,2,0,0,0,0
889,0,1,0,0,31,2,-1.8,-1,-359.64,0
890,0,1,0,0,32,2,0,0,0,-1
891,0,1,0,0,33,2,0,0,0,-1
892,0,1,0,0,34,2,0,0,0,0
893,0,1,0,0,35,2,0,0,0,0
894,0,1,0,0,36,2,0,0,0,0
895,0,1,0,0,37,2,0,0,0,0
896,0,1,0,0,38,2,0,0,0,0
897,0,1,0,0,0,3,0,0,0,0
898,0,1,0,0,1,3,-198.1553,-19.13344,-1010.515,-20.26948
899,0,1,0,0,2,3,-166.4456,-15.68665,-676.1765,-14.52878
900,0,1,0,0,3,3,-12.76031,-4.537898,-199.8,-10.11152
901,0,1,0,0,4,3,-9.410728,-9.217474,-199.8,-2.963069
902,0,1,0,0,5,3,-9.830412,-6.001813,-737.1182,-3.694513
903,0,1,0,0,6,3,-4.057785,-6.482093,-738.7914,-7.334146
904,0,1,0,0,7,3,-1.8,-2.604469,-359.64,0
905,0,1,0,0,8,3,-1,-1.18,-199.8,-2.869092
906,0,1,0,0,9,3,-8.289573,-9.053711,-740.1195,-8.522604
907,0,1,0,0,10,3,-3.036978,-1.4392,-359.64,0
908,0,1,0,0,11,3,0,0,0,0
909,0,1,0,0,12,3,-1.8,0,0,0
910,0,1,0,0,13,3,0,-1,-199.8,-7.916585
911,0,1,0,0,14,3,0,0,0,-2.473725
912,0,1,0,0,15,3,-1.8,0,0,0
913,0,1,0,0,16,3,0,0,0,0
914,0,1,0,0,17,3,0,0,0,-3.176533
915,0,1,0,0,18,3,0,0,0,0
916,0,1,0,0,19,3,0,0,0,0
917,0,1,0,0,20,3,0,0,0,0
918,0,1,0,0,21,3,0,0,0,0
919,0,1,0,0,22,3,0,0,0,0
920,0,1,0,0,23,3,0,0,0,0
921,0,1,0,0,24,3,0,0,0,0
922,0,1,0,0,25,3,0,0,0,0
923,0,1,0,0,26,3,0,0,0,0
924,0,1,0,0,27,3,0,0,0,0
925,0,1,0,0,28,3,0,0,0,0
926,0,1,0,0,29,3,0,0,0,0
927,0,1,0,0,30,3,0,0,0,0
928,0,1,0,0,31,3,0,0,0,0
929,0,1,0,0,32,3,0,0,0,0
930,0,1,0,0,33,3,0,0,0,0
931,0,1,0,0,34,3,0,0,0,0
932,0,1,0,0,35,3,0,0,0,0
933,0,1,0,0,36,3,0,0,0,0
934,0,1,0,0,37,3,0,0,0,0
935,0,1,0,0,38,3,0,0,0,0
936,0,1,0,0,0,4,0,0,0,0
937,0,1,0,0,1,4,0,0,0,0
938,0,1,0,0,2,4,-5.025882,0,0,0
939,0,1,0,0,3,4,-9.380701,-10.89129,-739.052,-4.363052
940,0,1,0,0,4,4,-1.46512,-4.642266,-199.8,-1
941,0,1,0,0,5,4,-1.740029,0,0,0
942,0,1,0,0,6,4,-1.18,0,-359.64,-1.847375
943,0,1,0,0,7,4,0,0,0,-2.74284
944,0,1,0,0,8,4,-3.593499,-2.193995,-199.8,0
945,0,1,0,0,9,4,0,0,0,0
946,0,1,0,0,10,4,-2.101149,0,0,0
947,0,1,0,0,11,4,0,0,0,0
948,0,1,0,0,12,4,-1.8,0,-359.64,-1
949,0,1,0,0,13,4,-1.586461,0,-359.64,0
950,0,1,0,0,14,4,0,0,0,0
951,0,1,0,0,15,4,0,0,0,0
952,0,1,0,0,16,4,0,0,0,0
953,0,1,0,0,17,4,0,0,0,0
954,0,1,0,0,18,4,0,0,0,0
955,0,1,0,0,19,4,0,0,0,0
956,0,1,0,0,20,4,0,0,0,0
957,0,1,0,0,21,4,0,0,0,0
958,0,1,0,0,22,4,0,0,0,0
959,0,1,0,0,23,4,0,0,0,0
960,0,1,0,0,24,4,0,0,0,0
961,0,1,0,0,25,4,0,0,0,0
962,0,1,0,0,26,4,0,0,0,0
963,0,1,0,0,27,4,0,0,0,0
964,0,1,0,0,28,4,0,0,0,0
965,0,1,0,0,29,4,0,0,0,0
966,0,1,0,0,30,4,0,0,0,0
967,0,1,0,0,31,4,0,0,0,0
968,0,1,0,0,32,4,0,0,0,0
969,0,1,0,0,33,4,0,0,0,0
970,0,1,0,0,34,4,0,0,0,0
971,0,1,0,0,35,4,0,0,0,0
972,0,1,0,0,36,4,0,0,0,0
973,0,1,0,0,37,4,0,0,0,0
974,0,1,0,0,38,4,0,0,0,0
975,0,1,0,1,0,0,0,0,0,0
976,0,1,0,1,1,0,0,0,0,0
977,0,1,0,1,2,0,0,0,0,0
978,0,1,0,1,3,0,0,0,0,0
979,0,1,0,1,4,0,0,0,0,0
980,0,1,0,1,5,0,0,0,0,0
981,0,1,0,1,6,0,0,0,0,0
982,0,1,0,1,7,0,0,0,0,0
983,0,1,0,1,8,0,0,0,0,0
984,0,1,0,1,9,0,0,0,0,0
985,0,1,0,1,10,0,0,0,0,0
986,0,1,0,1,11,0,0,0,0,0
987,0,1,0,1,12,0,0,0,0,0
988,0,1,0,1,13,0,0,0,0,0
989,0,1,0,1,14,0,0,0,0,0
990,0,1,0,1,15,0,0,0,0,0
991,0,1,0,1,16,0,0,0,0,0
992,0,1,0,1,17,0,0,0,0,0
993,0,1,0,1,18,0,0,0,0,0
994,0,1,0,1,19,0,0,0,0,0
995,0,1,0,1,20,0,0,0,0,0
996,0,1,0,1,21,0,0,0,0,0
997,0,1,0,1,22,0,0,0,0,0
998,0,1,0,1,23,0,0,0,0,0
999,0,1,0,1,24,0,0,0,0,0
1000,0,1,0,1,25,0,0,0,0,0
1001,0,1,0,1,26,0,0,0,0,0
1002,0,1,0,1,27,0,0,0,0,0
1003,0,1,0,1,28,0,0,0,0,0
1004,0,1,0,1,29,0,0,0,0,0
1005,0,1,0,1,30,0,0,0,0,0
1006,0,1,0,1,31,0,0,0,0,0
1007,0,1,0,1,32,0,0,0,0,0
1008,0,1,0,1,33,0,0,0,0,0
1009,0,1,0,1,34,0,0,0,0,0
1010,0,1,0,1,35,0,0,0,0,0
1011,0,1,0,1,36,0,0,0,0,0
1012,0,1,0,1,37,0,0,0,0,0
1013,0,1,0,1,38,0,0,0,0,0
1014,0,1,0,1,0,1,0,0,0,0
1015,0,1,0,1,1,1,0,0,0,0
1016,0,1,0,1,2,1,-72,0,-359.64,0
1017,0,1,0,1,3,1,-2.330864,-3.582354,0,-359.64
1018,0,1,0,1,4,1,-1.714056,-4.623713,0,-359.64
1019,0,1,0,1,5,1,-4.270871,-2.301651,0,-199.8
1020,0,1,0,1,6,1,-6.732773,0,-199.8,-589.8096
1021,0,1,0,1,7,1,-7.895766,-8.756502,-359.64,0
1022,0,1,0,1,8,1,-4.728787,-5.480292,-360.3854,-488.5103
1023,0,1,0,1,9,1,-2.285807,-4.355585,-359.64,-199.8
1024,0,1,0,1,10,1,-3.615529,-3.233594,-199.8,0
1025,0,1,0,1,11,1,0,-1.18,-487.512,-199.8
1026,0,1,0,1,12,1,0,-1.8,-199.8,-199.8
1027,0,1,0,1,13,1,-1,-1.997534,0,0
1028,0,1,0,1,14,1,-1.18,-1,-359.64,0
1029,0,1,0,1,15,1,-3.678632,0,0,0
1030,0,1,0,1,16,1,0,0,0,0
1031,0,1,0,1,17,1,-1.8,-3.011883,-359.82,-487.836
1032,0,1,0,1,18,1,0,0,0,0
1033,0,1,0,1,19,1,0,0,0,0
1034,0,1,0,1,20,1,0,0,0,0
1035,0,1,0,1,21,1,0,0,0,0
1036,0,1,0,1,22,1,0,0,0,0
1037,0,1,0,1,23,1,-1,0,0,0
1038,0,1,0,1,24,1,0,0,0,0
1039,0,1,0,1,25,1,0,0,0,0
1040,0,1,0,1,26,1,0,0,0,0
1041,0,1,0,1,27,1,0,0,0,0
1042,0,1,0,1,28,1,0,0,0,0
1043,0,1,0,1,29,1,0,0,0,0
1044,0,1,0,1,30,1,0,0,0,0
1045,0,1,0,1,31,1,0,0,0,0
1046,0,1,0,1,32,1,0,0,0,0
1047,0,1,0,1,33,1,0,0,0,0
1048,0,1,0,1,34,1,0,0,0,0
1049,0,1,0,1,35,1,0,0,0,0
1050,0,1,0,1,36,1,0,0,0,0
1051,0,1,0,1,37,1,0,0,0,0
1052,0,1,0,1,38,1,0,0,0,0
1053,0,1,0,1,0,2,0,0,0,0
1054,0,1,0,1,1,2,-10.5114,-40,-593.7679,-359.64
1055,0,1,0,1,2,2,-80.81068,-97.6,-359.64,-363.1235
1056,0,1,0,1,3,2,-6.704669,-2.393809,-359.64,-360.0709
1057,0,1,0,1,4,2,-15.63337,-10.05175,-589.8096,-359.64
1058,0,1,0,1,5,2,-4.172557,-4.936296,-672.1281,-488.6234
1059,0,1,0,1,6,2,-4.071733,-8.077515,-199.8,-199.8
1060,0,1,0,1,7,2,-2.963522,-6.360965,-359.64,-359.82
1061,0,1,0,1,8,2,-13.47417,-7.8004,-590.5024,-199.8
1062,0,1,0,1,9,2,-3.390015,-5.242368,-199.8,-359.64
1063,0,1,0,1,10,2,-4.015685,-7.824772,-487.512,0
1064,0,1,0,1,11,2,-6.820813,-5.825489,-199.8,-671.6477
1065,0,1,0,1,12,2,-10.60686,-2.490498,-487.9603,-199.8
1066,0,1,0,1,13,2,-2.972233,-9.1102,-359.8842,-488.0757
1067,0,1,0,1,14,2,-2.889814,-9.694139,-199.8,-199.8
1068,0,1,0,1,15,2,-2.048591,0,0,-199.8
1069,0,1,0,1,16,2,-4.726574,-7.01339,0,0
1070,0,1,0,1,17,2,-2.333862,-1.324,0,-199.8
1071,0,1,0,1,18,2,-5.541438,-1.275269,0,-359.64
1072,0,1,0,1,19,2,-4.555304,0,-671.6477,-199.8
1073,0,1,0,1,20,2,-3.556761,-1.753577,-199.8,0
1074,0,1,0,1,21,2,0,0,0,0
1075,0,1,0,1,22,2,-1.632266,0,0,0
1076,0,1,0,1,23,2,0,-1.324,-199.8,0
1077,0,1,0,1,24,2,0,0,0,0
1078,0,1,0,1,25,2,0,0,0,0
1079,0,1,0,1,26,2,-1.18,0,0,0
1080,0,1,0,1,27,2,0,0,0,0
1081,0,1,0,1,28,2,0,0,0,0
1082,0,1,0,1,29,2,0,0,0,0
1083,0,1,0,1,30,2,0,0,0,0
1084,0,1,0,1,31,2,0,0,0,0
1085,0,1,0,1,32,2,-1,0,0,0
1086,0,1,0,1,33,2,0,-1,0,0
1087,0,1,0,1,34,2,0,-1,0,0
1088,0,1,0,1,35,2,0,0,0,0
1089,0,1,0,1,36,2,0,0,0,0
1090,0,1,0,1,37,2,0,0,0,0
1091,0,1,0,1,38,2,0,0,0,0
1092,0,1,0,1,0,3,0,0,0,0
1093,0,1,0,1,1,3,-97.6,-3.332937,-488.5919,-590.8895
1094,0,1,0,1,2,3,-72,-1.529272,-199.8,0
1095,0,1,0,1,3,3,0,-2.801966,-199.8,-199.8
1096,0,1,0,1,4,3,-2.235194,0,0,-359.64
1097,0,1,0,1,5,3,-1.325057,-1,0,0
1098,0,1,0,1,6,3,-1,-1.710064,-199.8,-199.8
1099,0,1,0,1,7,3,0,0,0,0
1100,0,1,0,1,8,3,0,0,0,0
1101,0,1,0,1,9,3,0,0,0,0
1102,0,1,0,1,10,3,0,0,0,0
1103,0,1,0,1,11,3,0,0,0,0
1104,0,1,0,1,12,3,0,0,0,0
1105,0,1,0,1,13,3,0,0,0,0
1106,0,1,0,1,14,3,0,0,0,0
1107,0,1,0,1,15,3,0,0,0,0
1108,0,1,0,1,16,3,0,0,0,0
1109,0,1,0,1,17,3,0,0,0,0
1110,0,1,0,1,18,3,0,0,0,0
1111,0,1,0,1,19,3,0,0,0,0
1112,0,1,0,1,20,3,0,0,0,0
1113,0,1,0,1,21,3,0,0,0,0
1114,0,1,0,1,22,3,0,0,0,0
1115,0,1,0,1,23,3,0,0,0,0
1116,0,1,0,1,24,3,0,0,0,0
1117,0,1,0,1,25,3,0,0,0,0
1118,0,1,0,1,26,3,0,0,0,0
1119,0,1,0,1,27,3,0,0,0,0
1120,0,1,0,1,28,3,0,0,0,0
1121,0,1,0,1,29,3,0,0,0,0
1122,0,1,0,1,30,3,0,0,0,0
1123,0,1,0,1,31,3,0,0,0,0
1124,0,1,0,1,32,3,0,0,0,0
1125,0,1,0,1,33,3,0,0,0,0
1126,0,1,0,1,34,3,0,0,0,0
1127,0,1,0,1,35,3,0,0,0,0
1128,0,1,0,1,36,3,0,0,0,0
1129,0,1,0,1,37,3,0,0,0,0
1130,0,1,0,1,38,3,0,0,0,0
1131,0,1,0,1,0,4,0,0,0,0
1132,0,1,0,1,1,4,0,0,0,0
1133,0,1,0,1,2,4,0,0,0,0
1134,0,1,0,1,3,4,-1.600178,0,0,0
1135,0,1,0,1,4,4,-1,0,0,0
1136,0,1,0,1,5,4,0,0,0,0
1137,0,1,0,1,6,4,-1.324,0,-199.8,0
1138,0,1,0,1,7,4,-1.8,0,0,0
1139,0,1,0,1,8,4,0,0,0,0
1140,0,1,0,1,9,4,0,0,0,0
1141,0,1,0,1,10,4,0,0,0,0
1142,0,1,0,1,11,4,0,0,0,0
1143,0,1,0,1,12,4,0,-1,0,-199.8
1144,0,1,0,1,13,4,0,0,0,0
1145,0,1,0,1,14,4,0,0,0,0
1146,0,1,0,1,15,4,0,0,0,0
1147,0,1,0,1,16,4,0,0,0,0
1148,0,1,0,1,17,4,0,0,0,0
1149,0,1,0,1,18,4,0,0,0,0
1150,0,1,0,1,19,4,0,0,0,0
1151,0,1,0,1,20,4,0,0,0,0
1152,0,1,0,1,21,4,0,0,0,0
1153,0,1,0,1,22,4,0,0,0,0
1154,0,1,0,1,23,4,0,0,0,0
1155,0,1,0,1,24,4,0,0,0,0
1156,0,1,0,1,25,4,0,0,0,0
1157,0,1,0,1,26,4,0,0,0,0
1158,0,1,0,1,27,4,0,0,0,0
1159,0,1,0,1,28,4,0,0,0,0
1160,0,1,0,1,29,4,0,0,0,0
1161,0,1,0,1,30,4,0,0,0,0
1162,0,1,0,1,31,4,0,0,0,0
1163,0,1,0,1,32,4,0,0,0,0
1164,0,1,0,1,33,4,0,0,0,0
1165,0,1,0,1,34,4,0,0,0,0
1166,0,1,0,1,35,4,0,0,0,0
1167,0,1,0,1,36,4,0,0,0,0
1168,0,1,0,1,37,4,0,0,0,0
1169,0,1,0,1,38,4,0,0,0,0
1170,0,1,1,0,0,0,0,0,0,0
1171,0,1,1,0,1,0,0,0,0,0
1172,0,1,1,0,2,0,0,0,0,0
1173,0,1,1,0,3,0,0,0,0,0
1174,0,1,1,0,4,0,0,0,0,0
1175,0,1,1,0,5,0,0,0,0,0
1176,0,1,1,0,6,0,0,0,0,0
1177,0,1,1,0,7,0,0,0,0,0
1178,0,1,1,0,8,0,0,0,0,0
1179,0,1,1,0,9,0,0,0,0,0
1180,0,1,1,0,10,0,0,0,0,0
1181,0,1,1,0,11,0,0,0,0,0
1182,0,1,1,0,12,0,0,0,0,0
1183,0,1,1,0,13,0,0,0,0,0
1184,0,1,1,0,14,0,0,0,0,0
1185,0,1,1,0,15,0,0,0,0,0
1186,0,1,1,0,16,0,0,0,0,0
1187,0,1,1,0,17,0,0,0,0,0
1188,0,1,1,0,18,0,0,0,0,0
1189,0,1,1,0,19,0,0,0,0,0
1190,0,1,1,0,20,0,0,0,0,0
1191,0,1,1,0,21,0,0,0,0,0
1192,0,1,1,0,22,0,0,0,0,0
1193,0,1,1,0,23,0,0,0,0,0
1194,0,1,1,0,24,0,0,0,0,0
1195,0,1,1,0,25,0,0,0,0,0
1196,0,1,1,0,26,0,0,0,0,0
1197,0,1,1,0,27,0,0,0,0,0
1198,0,1,1,0,28,0,0,0,0,0
1199,0,1,1,0,29,0,0,0,0,0
1200,0,1,1,0,30,0,0,0,0,0
1201,0,1,1,0,31,0,0,0,0,0
1202,0,1,1,0,32,0,0,0,0,0
1203,0,1,1,0,33,0,0,0,0,0
1204,0,1,1,0,34,0,0,0,0,0
1205,0,1,1,0,35,0,0,0,0,0
1206,0,1,1,0,36,0,0,0,0,0
1207,0,1,1,0,37,0,0,0,0,0
1208,0,1,1,0,38,0,0,0,0,0
1209,0,1,1,0,0,1,0,0,0,0
1210,0,1,1,0,1,1,0,0,0,-40
1211,0,1,1,0,2,1,-51.58276,-737.1182,-671.6477,-72
1212,0,1,1,0,3,1,-2.586168,-359.64,0,0
1213,0,1,1,0,4,1,0,0,0,-7.145619
1214,0,1,1,0,5,1,-1,-199.8,-487.836,-4.159046
1215,0,1,1,0,6,1,-9.465522,-359.64,-487.512,-4.30464
1216,0,1,1,0,7,1,-3.787032,-359.82,-359.82,-3.904333
1217,0,1,1,0,8,1,-5.642953,-590.2488,-590.1336,-3.098368
1218,0,1,1,0,9,1,-5.000519,-487.7816,-360.2158,-5.312382
1219,0,1,1,0,10,1,-3.606457,-359.64,-199.8,-3.369837
1220,0,1,1,0,11,1,-5.45053,-199.8,-199.8,-1
1221,0,1,1,0,12,1,-4.888667,0,0,0
1222,0,1,1,0,13,1,-1.944,0,-199.8,-2.490273
1223,0,1,1,0,14,1,-2.121089,-199.8,0,-2.16647
1224,0,1,1,0,15,1,-2.388795,0,0,0
1225,0,1,1,0,16,1,-1.4392,-359.64,-359.64,0
1226,0,1,1,0,17,1,-3.188795,0,-199.8,-2.878432
1227,0,1,1,0,18,1,0,0,0,0
1228,0,1,1,0,19,1,-2.106867,-199.8,-199.8,-2.929209
1229,0,1,1,0,20,1,0,0,0,0
1230,0,1,1,0,21,1,-3.32393,-359.64,0,0
1231,0,1,1,0,22,1,0,0,0,0
1232,0,1,1,0,23,1,0,0,0,0
1233,0,1,1,0,24,1,0,0,0,0
1234,0,1,1,0,25,1,0,0,0,0
1235,0,1,1,0,26,1,0,0,0,0
1236,0,1,1,0,27,1,-1.18,0,0,0
1237,0,1,1,0,28,1,0,0,0,0
1238,0,1,1,0,29,1,0,0,0,0
1239,0,1,1,0,30,1,0,0,0,0
1240,0,1,1,0,31,1,0,0,0,0
1241,0,1,1,0,32,1,0,0,0,0
1242,0,1,1,0,33,1,0,0,0,0
1243,0,1,1,0,34,1,-1,-199.8,0,0
1244,0,1,1,0,35,1,0,0,0,0
1245,0,1,1,0,36,1,0,0,0,0
1246,0,1,1,0,37,1,0,0,0,0
1247,0,1,1,0,38,1,0,0,0,0
1248,0,1,1,0,0,2,0,0,0,0
1249,0,1,1,0,1,2,0,0,0,0
1250,0,1,1,0,2,2,0,0,0,0
1251,0,1,1,0,3,2,0,0,0,0
1252,0,1,1,0,4,2,-1.259056,0,0,0
1253,0,1,1,0,5,2,0,0,0,0
1254,0,1,1,0,6,2,-1.18,0,0,0
1255,0,1,1,0,7,2,0,0,0,0
1256,0,1,1,0,8,2,-1.453406,0,0,0
1257,0,1,1,0,9,2,0,0,0,0
1258,0,1,1,0,10,2,0,0,0,0
1259,0,1,1,0,11,2,0,0,0,0
1260,0,1,1,0,12,2,-1.800341,0,0,0
1261,0,1,1,0,13,2,0,0,0,0
1262,0,1,1,0,14,2,0,0,0,0
1263,0,1,1,0,15,2,0,0,0,0
1264,0,1,1,0,16,2,0,0,0,0
1265,0,1,1,0,17,2,0,0,0,0
1266,0,1,1,0,18,2,0,0,0,0
1267,0,1,1,0,19,2,0,0,0,0
1268,0,1,1,0,20,2,0,0,0,0
1269,0,1,1,0,21,2,0,0,0,0
1270,0,1,1,0,22,2,0,0,0,0
1271,0,1,1,0,23,2,0,0,0,0
1272,0,1,1,0,24,2,0,0,0,0
1273,0,1,1,0,25,2,0,0,0,0
1274,0,1,1,0,26,2,0,0,0,0
1275,0,1,1,0,27,2,0,0,0,0
1276,0,1,1,0,28,2,0,0,0,0
1277,0,1,1,0,29,2,0,0,0,0
1278,0,1,1,0,30,2,0,0,0,0
1279,0,1,1,0,31,2,0,0,0,0
1280,0,1,1,0,32,2,0,0,0,0
1281,0,1,1,0,33,2,0,0,0,0
1282,0,1,1,0,34,2,0,0,0,0
1283,0,1,1,0,35,2,0,0,0,0
1284,0,1,1,0,36,2,0,0,0,0
1285,0,1,1,0,37,2,0,0,0,0
1286,0,1,1,0,38,2,0,0,0,0
1287,0,1,1,0,0,3,0,0,0,0
1288,0,1,1,0,1,3,-40,-199.8,-589.8096,-7.32209
1289,0,1,1,0,2,3,0,0,0,0
1290,0,1,1,0,3,3,-1.85986,-199.8,-199.8,-1.91622
1291,0,1,1,0,4,3,0,-199.8,0,-3.057978
1292,0,1,1,0,5,3,0,0,0,0
1293,0,1,1,0,6,3,-1.324,0,-359.64,0
1294,0,1,1,0,7,3,0,0,0,0
1295,0,1,1,0,8,3,0,0,0,0
1296,0,1,1,0,9,3,0,0,0,0
1297,0,1,1,0,10,3,-1,-199.8,-487.512,0
1298,0,1,1,0,11,3,0,0,0,0
1299,0,1,1,0,12,3,0,0,0,0
1300,0,1,1,0,13,3,0,0,0,0
1301,0,1,1,0,14,3,0,0,0,0
1302,0,1,1,0,15,3,0,0,0,0
1303,0,1,1,0,16,3,0,0,0,0
1304,0,1,1,0,17,3,0,0,0,0
1305,0,1,1,0,18,3,0,0,0,0
1306,0,1,1,0,19,3,0,0,0,0
1307,0,1,1,0,20,3,0,0,0,0
1308,0,1,1,0,21,3,0,0,0,0
1309,0,1,1,0,22,3,0,0,0,0
1310,0,1,1,0,23,3,0,0,0,0
1311,0,1,1,0,24,3,0,0,0,0
1312,0,1,1,0,25,3,0,0,0,0
1313,0,1,1,0,26,3,0,0,0,0
1314,0,1,1,0,27,3,0,0,0,0
1315,0,1,1,0,28,3,0,0,0,0
1316,0,1,1,0,29,3,0,0,0,0
1317,0,1,1,0,30,3,0,0,0,0
1318,0,1,1,0,31,3,0,0,0,0
1319,0,1,1,0,32,3,0,0,0,0
1320,0,1,1,0,33,3,0,0,0,0
1321,0,1,1,0,34,3,0,0,0,0
1322,0,1,1,0,35,3,0,0,0,0
1323,0,1,1,0,36,3,0,0,0,0
1324,0,1,1,0,37,3,0,0,0,0
1325,0,1,1,0,38,3,0,0,0,0
1326,0,1,1,0,0,4,0,0,0,0
1327,0,1,1,0,1,4,0,0,0,0
1328,0,1,1,0,2,4,0,0,0,0
1329,0,1,1,0,3,4,0,0,0,0
1330,0,1,1,0,4,4,0,0,0,0
1331,0,1,1,0,5,4,0,0,0,0
1332,0,1,1,0,6,4,0,0,0,0
1333,0,1,1,0,7,4,0,0,0,0
1334,0,1,1,0,8,4,0,0,0,0
1335,0,1,1,0,9,4,0,0,0,0
1336,0,1,1,0,10,4,0,0,0,0
1337,0,1,1,0,11,4,0,0,0,0
1338,0,1,1,0,12,4,0,0,0,0
1339,0,1,1,0,13,4,0,0,0,0
1340,0,1,1,0,14,4,0,0,0,0
1341,0,1,1,0,15,4,0,0,0,0
1342,0,1,1,0,16,4,0,0,0,0
1343,0,1,1,0,17,4,0,0,0,0
1344,0,1,1,0,18,4,0,0,0,0
1345,0,1,1,0,19,4,0,0,0,0
1346,0,1,1,0,20,4,0,0,0,0
1347,0,1,1,0,21,4,0,0,0,0
1348,0,1,1,0,22,4,0,0,0,0
1349,0,1,1,0,23,4,0,0,0,0
1350,0,1,1,0,24,4,0,0,0,0
1351,0,1,1,0,25,4,0,0,0,0
1352,0,1,1,0,26,4,0,0,0,0
1353,0,1,1,0,27,4,0,0,0,0
1354,0,1,1,0,28,4,0,0,0,0
1355,0,1,1,0,29,4,0,0,0,0
1356,0,1,1,0,30,4,0,0,0,0
1357,0,1,1,0,31,4,0,0,0,0
1358,0,1,1,0,32,4,0,0,0,0
1359,0,1,1,0,33,4,0,0,0,0
1360,0,1,1,0,34,4,0,0,0,0
1361,0,1,1,0,35,4,0,0,0,0
1362,0,1,1,0,36,4,0,0,0,0
1363,0,1,1,0,37,4,0,0,0,0
1364,0,1,1,0,38,4,0,0,0,0
1365,0,1,1,1,0,0,0,0,0,0
1366,0,1,1,1,1,0,0,0,0,0
1367,0,1,1,1,2,0,0,0,0,0
1368,0,1,1,1,3,0,0,0,0,0
1369,0,1,1,1,4,0,0,0,0,0
1370,0,1,1,1,5,0,0,0,0,0
1371,0,1,1,1,6,0,0,0,0,0
1372,0,1,1,1,7,0,0,0,0,0
1373,0,1,1,1,8,0,0,0,0,0
1374,0,1,1,1,9,0,0,0,0,0
1375,0,1,1,1,10,0,0,0,0,0
1376,0,1,1,1,11,0,0,0,0,0
1377,0,1,1,1,12,0,0,0,0,0
1378,0,1,1,1,13,0,0,0,0,0
1379,0,1,1,1,14,0,0,0,0,0
1380,0,1,1,1,15,0,0,0,0,0
1381,0,1,1,1,16,0,0,0,0,0
1382,0,1,1,1,17,0,0,0,0,0
1383,0,1,1,1,18,0,0,0,0,0
1384,0,1,1,1,19,0,0,0,0,0
1385,0,1,1,1,20,0,0,0,0,0
1386,0,1,1,1,21,0,0,0,0,0
1387,0,1,1,1,22,0,0,0,0,0
1388,0,1,1,1,23,0,0,0,0,0
1389,0,1,1,1,24,0,0,0,0,0
1390,0,1,1,1,25,0,0,0,0,0
1391,0,1,1,1,26,0,0,0,0,0
1392,0,1,1,1,27,0,0,0,0,0
1393,0,1,1,1,28,0,0,0,0,0
1394,0,1,1,1,29,0,0,0,0,0
1395,0,1,1,1,30,0,0,0,0,0
1396,0,1,1,1,31,0,0,0,0,0
1397,0,1,1,1,32,0,0,0,0,0
1398,0,1,1,1,33,0,0,0,0,0
1399,0,1,1,1,34,0,0,0,0,0
1400,0,1,1,1,35,0,0,0,0,0
1401,0,1,1,1,36,0,0,0,0,0
1402,0,1,1,1,37,0,0,0,0,0
1403,0,1,1,1,38,0,0,0,0,0
1404,0,1,1,1,0,1,0,0,0,0
1405,0,1,1,1,1,1,0,0,0,0
1406,0,1,1,1,2,1,0,0,0,0
1407,0,1,1,1,3,1,0,0,0,0
1408,0,1,1,1,4,1,0,0,0,0
1409,0,1,1,1,5,1,0,0,0,0
1410,0,1,1,1,6,1,0,0,0,0
1411,0,1,1,1,7,1,0,0,0,0
1412,0,1,1,1,8,1,0,0,0,0
1413,0,1,1,1,9,1,0,0,0,0
1414,0,1,1,1,10,1,0,0,0,0
1415,0,1,1,1,11,1,0,0,0,0
1416,0,1,1,1,12,1,0,0,0,0
1417,0,1,1,1,13,1,0,0,0,0
1418,0,1,1,1,14,1,0,0,0,0
1419,0,1,1,1,15,1,0,0,0,0
1420,0,1,1,1,16,1,0,0,0,0
1421,0,1,1,1,17,1,0,0,0,0
1422,0,1,1,1,18,1,0,0,0,0
1423,0,1,1,1,19,1,0,0,0,0
1424,0,1,1,1,20,1,0,0,0,0
1425,0,1,1,1,21,1,0,0,0,0
1426,0,1,1,1,22,1,0,0,0,0
1427,0,1,1,1,23,1,0,0,0,0
1428,0,1,1,1,24,1,0,0,0,0
1429,0,1,1,1,25,1,0,0,0,0
1430,0,1,1,1,26,1,0,0,0,0
1431,0,1,1,1,27,1,0,0,0,0
1432,0,1,1,1,28,1,0,0,0,0
1433,0,1,1,1,29,1,0,0,0,0
1434,0,1,1,1,30,1,0,0,0,0
1435,0,1,1,1,31,1,0,0,0,0
1436,0,1,1,1,32,1,0,0,0,0
1437,0,1,1,1,33,1,0,0,0,0
1438,0,1,1,1,34,1,0,0,0,0
1439,0,1,1,1,35,1,0,0,0,0
1440,0,1,1,1,36,1,0,0,0,0
1441,0,1,1,1,37,1,0,0,0,0
1442,0,1,1,1,38,1,0,0,0,0
1443,0,1,1,1,0,2,0,0,0,0
1444,0,1,1,1,1,2,0,0,0,0
1445,0,1,1,1,2,2,0,0,0,0
1446,0,1,1,1,3,2,0,0,0,0
1447,0,1,1,1,4,2,0,0,0,0
1448,0,1,1,1,5,2,0,0,0,0
1449,0,1,1,1,6,2,0,0,0,0
1450,0,1,1,1,7,2,0,0,0,0
1451,0,1,1,1,8,2,0,0,0,0
1452,0,1,1,1,9,2,0,0,0,0
1453,0,1,1,1,10,2,0,0,0,0
1454,0,1,1,1,11,2,0,0,0,0
1455,0,1,1,1,12,2,0,0,0,0
1456,0,1,1,1,13,2,0,0,0,0
1457,0,1,1,1,14,2,0,0,0,0
1458,0,1,1,1,15,2,0,0,0,0
1459,0,1,1,1,16,2,0,0,0,0
1460,0,1,1,1,17,2,0,0,0,0
1461,0,1,1,1,18,2,0,0,0,0
1462,0,1,1,1,19,2,0,0,0,0
1463,0,1,1,1,20,2,0,0,0,0
1464,0,1,1,1,21,2,0,0,0,0
1465,0,1,1,1,22,2,0,0,0,0
1466,0,1,1,1,23,2,0,0,0,0
1467,0,1,1,1,24,2,0,0,0,0
1468,0,1,1,1,25,2,0,0,0,0
1469,0,1,1,1,26,2,0,0,0,0
1470,0,1,1,1,27,2,0,0,0,0
1471,0,1,1,1,28,2,0,0,0,0
1472,0,1,1,1,29,2,0,0,0,0
1473,0,1,1,1,30,2,0,0,0,0
1474,0,1,1,1,31,2,0,0,0,0
1475,0,1,1,1,32,2,0,0,0,0
1476,0,1,1,1,33,2,0,0,0,0
1477,0,1,1,1,34,2,0,0,0,0
1478,0,1,1,1,35,2,0,0,0,0
1479,0,1,1,1,36,2,0,0,0,0
1480,0,1,1,1,37,2,0,0,0,0
1481,0,1,1,1,38,2,0,0,0,0
1482,0,1,1,1,0,3,0,0,0,0
1483,0,1,1,1,1,3,0,0,0,0
1484,0,1,1,1,2,3,0,0,0,0
1485,0,1,1,1,3,3,0,0,0,0
1486,0,1,1,1,4,3,0,0,0,0
1487,0,1,1,1,5,3,0,0,0,0
1488,0,1,1,1,6,3,0,0,0,0
1489,0,1,1,1,7,3,0,0,0,0
1490,0,1,1,1,8,3,0,0,0,0
1491,0,1,1,1,9,3,0,0,0,0
1492,0,1,1,1,10,3,0,0,0,0
1493,0,1,1,1,11,3,0,0,0,0
1494,0,1,1,1,12,3,0,0,0,0
1495,0,1,1,1,13,3,0,0,0,0
1496,0,1,1,1,14,3,0,0,0,0
1497,0,1,1,1,15,3,0,0,0,0
1498,0,1,1,1,16,3,0,0,0,0
1499,0,1,1,1,17,3,0,0,0,0
1500,0,1,1,1,18,3,0,0,0,0
1501,0,1,1,1,19,3,0,0,0,0
1502,0,1,1,1,20,3,0,0,0,0
1503,0,1,1,1,21,3,0,0,0,0
1504,0,1,1,1,22,3,0,0,0,0
1505,0,1,1,1,23,3,0,0,0,0
1506,0,1,1,1,24,3,0,0,0,0
1507,0,1,1,1,25,3,0,0,0,0
1508,0,1,1,1,26,3,0,0,0,0
1509,0,1,1,1,27,3,0,0,0,0
1510,0,1,1,1,28,3,0,0,0,0
1511,0,1,1,1,29,3,0,0,0,0
1512,0,1,1,1,30,3,0,0,0,0
1513,0,1,1,1,31,3,0,0,0,0
1514,0,1,1,1,32,3,0,0,0,0
1515,0,1,1,1,33,3,0,0,0,0
1516,0,1,1,1,34,3,0,0,0,0
1517,0,1,1,1,35,3,0,0,0,0
1518,0,1,1,1,36,3,0,0,0,0
1519,0,1,1,1,37,3,0,0,0,0
1520,0,1,1,1,38,3,0,0,0,0
1521,0,1,1,1,0,4,0,0,0,0
1522,0,1,1,1,1,4,0,0,0,0
1523,0,1,1,1,2,4,0,0,0,0
1524,0,1,1,1,3,4,0,0,0,0
1525,0,1,1,1,4,4,0,0,0,0
1526,0,1,1,1,5,4,0,0,0,0
1527,0,1,1,1,6,4,0,0,0,0
1528,0,1,1,1,7,4,0,0,0,0
1529,0,1,1,1,8,4,0,0,0,0
1530,0,1,1,1,9,4,0,0,0,0
1531,0,1,1,1,10,4,0,0,0,0
1532,0,1,1,1,11,4,0,0,0,0
1533,0,1,1,1,12,4,0,0,0,0
1534,0,1,1,1,13,4,0,0,0,0
1535,0,1,1,1,14,4,0,0,0,0
1536,0,1,1,1,15,4,0,0,0,0
1537,0,1,1,1,16,4,0,0,0,0
1538,0,1,1,1,17,4,0,0,0,0
1539,0,1,1,1,18,4,0,0,0,0
1540,0,1,1,1,19,4,0,0,0,0
1541,0,1,1,1,20,4,0,0,0,0
1542,0,1,1,1,21,4,0,0,0,0
1543,0,1,1,1,22,4,0,0,0,0
1544,0,1,1,1,23,4,0,0,0,0
1545,0,1,1,1,24,4,0,0,0,0
1546,0,1,1,1,25,4,0,0,0,0
1547,0,1,1,1,26,4,0,0,0,0
1548,0,1,1,1,27,4,0,0,0,0
1549,0,1,1,1,28,4,0,0,0,0
1550,0,1,1,1,29,4,0,0,0,0
1551,0,1,1,1,30,4,0,0,0,0
1552,0,1,1,1,31,4,0,0,0,0
1553,0,1,1,1,32,4,0,0,0,0
1554,0,1,1,1,33,4,0,0,0,0
1555,0,1,1,1,34,4,0,0,0,0
1556,0,1,1,1,35,4,0,0,0,0
1557,0,1,1,1,36,4,0,0,0,0
1558,0,1,1,1,37,4,0,0,0,0
1559,0,1,1,1,38,4,0,0,0,0
1560,1,0,0,0,0,0,0,0,0,0
1561,1,0,0,0,1,0,0,0,0,0
1562,1,0,0,0,2,0,0,0,0,0
1563,1,0,0,0,3,0,0,0,0,0
1564,1,0,0,0,4,0,0,0,0,0
1565,1,0,0,0,5,0,0,0,0,0
1566,1,0,0,0,6,0,0,0,0,0
1567,1,0,0,0,7,0,0,0,0,0
1568,1,0,0,0,8,0,0,0,0,0
1569,1,0,0,0,9,0,0,0,0,0
1570,1,0,0,0,10,0,0,0,0,0
1571,1,0,0,0,11,0,0,0,0,0
1572,1,0,0,0,12,0,0,0,0,0
1573,1,0,0,0,13,0,0,0,0,0
1574,1,0,0,0,14,0,0,0,0,0
1575,1,0,0,0,15,0,0,0,0,0
1576,1,0,0,0,16,0,0,0,0,0
1577,1,0,0,0,17,0,0,0,0,0
1578,1,0,0,0,18,0,0,0,0,0
1579,1,0,0,0,19,0,0,0,0,0
1580,1,0,0,0,20,0,0,0,0,0
1581,1,0,0,0,21,0,0,0,0,0
1582,1,0,0,0,22,0,0,0,0,0
1583,1,0,0,0,23,0,0,0,0,0
1584,1,0,0,0,24,0,0,0,0,0
1585,1,0,0,0,25,0,0,0,0,0
1586,1,0,0,0,26,0,0,0,0,0
1587,1,0,0,0,27,0,0,0,0,0
1588,1,0,0,0,28,0,0,0,0,0
1589,1,0,0,0,29,0,0,0,0,0
1590,1,0,0,0,30,0,0,0,0,0
1591,1,0,0,0,31,0,0,0,0,0
1592,1,0,0,0,32,0,0,0,0,0
1593,1,0,0,0,33,0,0,0,0,0
1594,1,0,0,0,34,0,0,0,0,0
1595,1,0,0,0,35,0,0,0,0,0
1596,1,0,0,0,36,0,0,0,0,0
1597,1,0,0,0,37,0,0,0,0,0
1598,1,0,0,0,38,0,0,0,0,0
1599,1,0,0,0,0,1,0,0,0,0
1600,1,0,0,0,1,1,-998.2309,-16.45238,-21.45916,-198.8194
1601,1,0,0,0,2,1,-1011.989,-30.4711,-118.849,-198.5243
1602,1,0,0,0,3,1,-1009.533,-18.41649,-19.19629,-19.2762
1603,1,0,0,0,4,1,-999.7318,-20.15446,-43.61716,-25.81021
1604,1,0,0,0,5,1,-1005.206,-13.24564,-16.14247,-13.34034
1605,1,0,0,0,6,1,-920.3895,-15.52117,-20.67234,-17.93559
1606,1,0,0,0,7,1,-740.0364,-13.86904,-16.40616,-14.072
1607,1,0,0,0,8,1,-920.5814,-12.39945,-13.2159,-15.07831
1608,1,0,0,0,9,1,-868.9548,-10.14558,-14.99914,-14.00251
1609,1,0,0,0,10,1,-949.6661,-14.11811,-15.03096,-13.65363
1610,1,0,0,0,11,1,-949.4203,-10.30878,-15.27373,-9.688265
1611,1,0,0,0,12,1,-988.9954,-12.24174,-16.29785,-11.39698
1612,1,0,0,0,13,1,-978.1101,-10.60522,-11.44881,-10.1251
1613,1,0,0,0,14,1,-674.5562,-11.48867,-10.81132,-11.468
1614,1,0,0,0,15,1,-673.0132,-10.56366,-9.956799,-10.78494
1615,1,0,0,0,16,1,-791.2192,-6.543149,-9.04853,-5.801417
1616,1,0,0,0,17,1,-896.0244,-9.768006,-9.724302,-7.554704
1617,1,0,0,0,18,1,-867.5449,-6.244499,-9.394226,-6.507538
1618,1,0,0,0,19,1,-833.8002,-5.156807,-6.672207,-7.621163
1619,1,0,0,0,20,1,-791.0255,-3.790852,-8.09358,-6.083729
1620,1,0,0,0,21,1,-672.0545,-2.952,-5.206221,-4.056771
1621,1,0,0,0,22,1,-672.177,-2.9404,-4.134232,-4.707492
1622,1,0,0,0,23,1,-738.0837,-4.862368,-4.884082,-3.276
1623,1,0,0,0,24,1,-589.8096,-1.98,-3.676353,-1
1624,1,0,0,0,25,1,-790.0996,-4.12848,-3.132,-1
1625,1,0,0,0,26,1,0,0,-1.18,-1.18
1626,1,0,0,0,27,1,-487.512,-1.8,-1,-1
1627,1,0,0,0,28,1,-359.64,0,0,-1.8
1628,1,0,0,0,29,1,0,0,0,0
1629,1,0,0,0,30,1,-359.64,-1,0,-1
1630,1,0,0,0,31,1,0,0,0,0
1631,1,0,0,0,32,1,-199.8,-1,-1,-1
1632,1,0,0,0,33,1,0,-1,0,0
1633,1,0,0,0,34,1,0,0,-1,0
1634,1,0,0,0,35,1,0,0,0,0
1635,1,0,0,0,36,1,0,0,0,0
1636,1,0,0,0,37,1,0,0,0,0
1637,1,0,0,0,38,1,0,0,0,0
1638,1,0,0,0,0,2,0,0,0,0
1639,1,0,0,0,1,2,-1015.087,-199.9189,-22.60954,-22.26047
1640,1,0,0,0,2,2,-1032.917,-199.9734,-106.5192,-54.6267
1641,1,0,0,0,3,2,-1007.788,-19.44223,-21.44028,-17.9302
1642,1,0,0,0,4,2,-1022.161,-35.53452,-40.63639,-28.74248
1643,1,0,0,0,5,2,-974.7285,-17.29052,-18.93415,-17.21354
1644,1,0,0,0,6,2,-1010.126,-25.84483,-25.07138,-23.668
1645,1,0,0,0,7,2,-996.2602,-14.68315,-17.23023,-16.54163
1646,1,0,0,0,8,2,-1010.961,-22.93313,-24.18394,-23.0523
1647,1,0,0,0,9,2,-954.7797,-15.70222,-19.85735,-15.41763
1648,1,0,0,0,10,2,-1011.772,-21.55526,-21.63553,-20.33215
1649,1,0,0,0,11,2,-1001.015,-12.69417,-19.26779,-14.64328
1650,1,0,0,0,12,2,-993.104,-19.40425,-20.20283,-16.96949
1651,1,0,0,0,13,2,-995.2978,-13.70769,-17.22163,-14.82533
1652,1,0,0,0,14,2,-898.3409,-16.37846,-16.65736,-14.29965
1653,1,0,0,0,15,2,-962.9378,-16.97866,-15.54845,-12.7394
1654,1,0,0,0,16,2,-937.2901,-12.54455,-12.74059,-9.632534
1655,1,0,0,0,17,2,-990.976,-14.13152,-12.16051,-10.75503
1656,1,0,0,0,18,2,-867.2191,-7.382206,-10.95073,-6.532966
1657,1,0,0,0,19,2,-897.8456,-10.62735,-9.964135,-10.26911
1658,1,0,0,0,20,2,-866.3824,-5.691327,-9.121551,-3.70872
1659,1,0,0,0,21,2,-199.8,-3.893047,-6.616546,-1.98
1660,1,0,0,0,22,2,-791.5598,-6.353116,-6.731268,-6.9337
1661,1,0,0,0,23,2,-199.8,-2.124,-4.798576,-3.3616
1662,1,0,0,0,24,2,-672.4382,-5.821635,-1.8,-1.8
1663,1,0,0,0,25,2,-488.1375,-2.44,-3.537568,-3.709446
1664,1,0,0,0,26,2,-487.8943,-3.74256,-3.6568,-3.6828
1665,1,0,0,0,27,2,-590.3559,-2.234808,-2.9404,-4.218452
1666,1,0,0,0,28,2,-199.8,-2.0124,-2.44,-1.98
1667,1,0,0,0,29,2,-199.8,-2.3004,0,-1
1668,1,0,0,0,30,2,-359.64,-1,-1,0
1669,1,0,0,0,31,2,-199.8,-1,0,-1
1670,1,0,0,0,32,2,-199.8,-1,0,0
1671,1,0,0,0,33,2,-199.8,0,-1,-1
1672,1,0,0,0,34,2,-199.8,0,0,-1
1673,1,0,0,0,35,2,0,0,0,0
1674,1,0,0,0,36,2,0,0,0,0
1675,1,0,0,0,37,2,0,0,0,0
1676,1,0,0,0,38,2,0,0,0,0
1677,1,0,0,0,0,3,0,0,0,0
1678,1,0,0,0,1,3,0,0,0,0
1679,1,0,0,0,2,3,0,0,-1.324,-1.720768
1680,1,0,0,0,3,3,-487.7503,-4.486281,-8.389673,-5.956722
1681,1,0,0,0,4,3,-488.4944,-12.17103,-3.847929,-4.548892
1682,1,0,0,0,5,3,-199.8,0,-4.302595,-1.98
1683,1,0,0,0,6,3,-199.8,-1,-1.324,-1
1684,1,0,0,0,7,3,0,0,0,0
1685,1,0,0,0,8,3,-359.64,-2.701634,0,-6.925559
1686,1,0,0,0,9,3,0,0,0,0
1687,1,0,0,0,10,3,-199.8,0,-1,-2.309825
1688,1,0,0,0,11,3,0,0,0,0
1689,1,0,0,0,12,3,0,0,0,0
1690,1,0,0,0,13,3,-199.8,-1,-1,0
1691,1,0,0,0,14,3,0,0,0,0
1692,1,0,0,0,15,3,-199.8,-1.18,0,0
1693,1,0,0,0,16,3,-199.8,-1,0,0
1694,1,0,0,0,17,3,0,0,0,0
1695,1,0,0,0,18,3,0,0,0,0
1696,1,0,0,0,19,3,0,0,0,0
1697,1,0,0,0,20,3,0,0,0,0
1698,1,0,0,0,21,3,0,0,0,0
1699,1,0,0,0,22,3,0,0,0,0
1700,1,0,0,0,23,3,0,0,0,0
1701,1,0,0,0,24,3,0,0,0,0
1702,1,0,0,0,25,3,0,0,0,0
1703,1,0,0,0,26,3,0,0,0,0
1704,1,0,0,0,27,3,0,0,0,0
1705,1,0,0,0,28,3,0,0,0,0
1706,1,0,0,0,29,3,0,0,0,0
1707,1,0,0,0,30,3,0,0,0,0
1708,1,0,0,0,31,3,0,0,0,0
1709,1,0,0,0,32,3,0,0,0,0
1710,1,0,0,0,33,3,0,0,0,0
1711,1,0,0,0,34,3,0,0,0,0
1712,1,0,0,0,35,3,0,0,0,0
1713,1,0,0,0,36,3,0,0,0,0
1714,1,0,0,0,37,3,0,0,0,0
1715,1,0,0,0,38,3,0,0,0,0
1716,1,0,0,0,0,4,0,0,0,0
1717,1,0,0,0,1,4,-1008.358,-16.92597,-199.8732,-20.4867
1718,1,0,0,0,2,4,-595.7801,-29.63424,-173.1565,-33.36348
1719,1,0,0,0,3,4,-867.9909,-11.01914,-12.91235,-10.86806
1720,1,0,0,0,4,4,-487.9866,-7.963263,-7.386855,-7.066521
1721,1,0,0,0,5,4,-199.8,-1,-5.66216,-4.664009
1722,1,0,0,0,6,4,-488.2367,-3.466498,-5.569263,-5.287436
1723,1,0,0,0,7,4,0,0,-1.976324,-1
1724,1,0,0,0,8,4,-359.82,-1,-1.8,-6.396507
1725,1,0,0,0,9,4,-589.8096,-6.951662,-9.388894,-1
1726,1,0,0,0,10,4,0,-1.969406,-4.145971,-2.117359
1727,1,0,0,0,11,4,-199.8,-1,-1.859105,0
1728,1,0,0,0,12,4,0,-2.492138,-2.591027,0
1729,1,0,0,0,13,4,-199.8,-1.764924,-3.301914,-4.999264
1730,1,0,0,0,14,4,-487.692,-1,-3.866461,-4.614627
1731,1,0,0,0,15,4,0,-1.18,0,-3.270912
1732,1,0,0,0,16,4,-199.8,-1,0,-1
1733,1,0,0,0,17,4,0,0,0,-1.324
1734,1,0,0,0,18,4,0,0,0,0
1735,1,0,0,0,19,4,0,0,0,0
1736,1,0,0,0,20,4,0,0,0,0
1737,1,0,0,0,21,4,0,0,0,0
1738,1,0,0,0,22,4,0,0,0,0
1739,1,0,0,0,23,4,0,0,0,0
1740,1,0,0,0,24,4,0,0,0,0
1741,1,0,0,0,25,4,0,0,0,0
1742,1,0,0,0,26,4,0,0,0,0
1743,1,0,0,0,27,4,0,0,0,0
1744,1,0,0,0,28,4,0,0,0,0
1745,1,0,0,0,29,4,0,0,0,0
1746,1,0,0,0,30,4,0,0,0,0
1747,1,0,0,0,31,4,0,0,0,0
1748,1,0,0,0,32,4,0,0,0,0
1749,1,0,0,0,33,4,0,0,0,0
1750,1,0,0,0,34,4,0,0,0,0
1751,1,0,0,0,35,4,0,0,0,0
1752,1,0,0,0,36,4,0,0,0,0
1753,1,0,0,0,37,4,0,0,0,0
1754,1,0,0,0,38,4,0,0,0,0
1755,1,0,0,1,0,0,0,0,0,0
1756,1,0,0,1,1,0,0,0,0,0
1757,1,0,0,1,2,0,0,0,0,0
1758,1,0,0,1,3,0,0,0,0,0
1759,1,0,0,1,4,0,0,0,0,0
1760,1,0,0,1,5,0,0,0,0,0
1761,1,0,0,1,6,0,0,0,0,0
1762,1,0,0,1,7,0,0,0,0,0
1763,1,0,0,1,8,0,0,0,0,0
1764,1,0,0,1,9,0,0,0,0,0
1765,1,0,0,1,10,0,0,0,0,0
1766,1,0,0,1,11,0,0,0,0,0
1767,1,0,0,1,12,0,0,0,0,0
1768,1,0,0,1,13,0,0,0,0,0
1769,1,0,0,1,14,0,0,0,0,0
1770,1,0,0,1,15,0,0,0,0,0
1771,1,0,0,1,16,0,0,0,0,0
1772,1,0,0,1,17,0,0,0,0,0
1773,1,0,0,1,18,0,0,0,0,0
1774,1,0,0,1,19,0,0,0,0,0
1775,1,0,0,1,20,0,0,0,0,0
1776,1,0,0,1,21,0,0,0,0,0
1777,1,0,0,1,22,0,0,0,0,0
1778,1,0,0,1,23,0,0,0,0,0
1779,1,0,0,1,24,0,0,0,0,0
1780,1,0,0,1,25,0,0,0,0,0
1781,1,0,0,1,26,0,0,0,0,0
1782,1,0,0,1,27,0,0,0,0,0
1783,1,0,0,1,28,0,0,0,0,0
1784,1,0,0,1,29,0,0,0,0,0
1785,1,0,0,1,30,0,0,0,0,0
1786,1,0,0,1,31,0,0,0,0,0
1787,1,0,0,1,32,0,0,0,0,0
1788,1,0,0,1,33,0,0,0,0,0
1789,1,0,0,1,34,0,0,0,0,0
1790,1,0,0,1,35,0,0,0,0,0
1791,1,0,0,1,36,0,0,0,0,0
1792,1,0,0,1,37,0,0,0,0,0
1793,1,0,0,1,38,0,0,0,0,0
1794,1,0,0,1,0,1,0,0,0,0
1795,1,0,0,1,1,1,0,0,0,0
1796,1,0,0,1,2,1,-199.8,-3.223992,0,-199.8
1797,1,0,0,1,3,1,0,0,0,0
1798,1,0,0,1,4,1,0,0,0,0
1799,1,0,0,1,5,1,0,0,0,0
1800,1,0,0,1,6,1,0,0,-4.072075,0
1801,1,0,0,1,7,1,-199.8,-1.18,-2.056393,0
1802,1,0,0,1,8,1,-199.8,0,-1.38232,0
1803,1,0,0,1,9,1,-359.64,-1.18,-2.054853,-359.64
1804,1,0,0,1,10,1,0,0,0,0
1805,1,0,0,1,11,1,0,-1,-2.108363,-199.8
1806,1,0,0,1,12,1,0,-1,0,-359.64
1807,1,0,0,1,13,1,0,-2.59824,0,0
1808,1,0,0,1,14,1,0,0,0,0
1809,1,0,0,1,15,1,0,0,0,0
1810,1,0,0,1,16,1,-199.8,-1,0,-199.8
1811,1,0,0,1,17,1,0,0,0,0
1812,1,0,0,1,18,1,-199.8,-1.18,0,-199.8
1813,1,0,0,1,19,1,0,0,0,0
1814,1,0,0,1,20,1,-199.8,0,-1,0
1815,1,0,0,1,21,1,0,0,0,0
1816,1,0,0,1,22,1,0,-1,0,-199.8
1817,1,0,0,1,23,1,0,0,0,0
1818,1,0,0,1,24,1,0,0,0,0
1819,1,0,0,1,25,1,0,0,0,0
1820,1,0,0,1,26,1,0,0,0,0
1821,1,0,0,1,27,1,0,0,0,0
1822,1,0,0,1,28,1,0,0,0,0
1823,1,0,0,1,29,1,0,0,0,0
1824,1,0,0,1,30,1,0,0,0,0
1825,1,0,0,1,31,1,0,0,0,0
1826,1,0,0,1,32,1,0,0,0,0
1827,1,0,0,1,33,1,0,0,0,0
1828,1,0,0,1,34,1,0,0,0,0
1829,1,0,0,1,35,1,0,0,0,0
1830,1,0,0,1,36,1,0,0,0,0
1831,1,0,0,1,37,1,0,0,0,0
1832,1,0,0,1,38,1,0,0,0,0
1833,1,0,0,1,0,2,0,0,0,0
1834,1,0,0,1,1,2,0,-40,-6.831746,-359.64
1835,1,0,0,1,2,2,-812.8226,-134.464,-98.40462,-608.5296
1836,1,0,0,1,3,2,-487.512,-6.071465,-5.213639,-360.044
1837,1,0,0,1,4,2,-490.2666,-23.07544,-16.48761,-199.8
1838,1,0,0,1,5,2,-359.64,-2.575492,-5.667601,-359.64
1839,1,0,0,1,6,2,-489.3244,-9.81263,-9.622017,-488.8298
1840,1,0,0,1,7,2,0,-6.351281,-5.48242,-199.8
1841,1,0,0,1,8,2,-360.8029,-6.779541,-11.96679,-489.172
1842,1,0,0,1,9,2,0,-4.461676,0,-359.64
1843,1,0,0,1,10,2,-737.941,-7.888826,-8.271835,-360.6063
1844,1,0,0,1,11,2,-360.5352,-7.470923,-6.207165,-360.0988
1845,1,0,0,1,12,2,-359.64,-7.723275,-5.532639,-737.1182
1846,1,0,0,1,13,2,-487.8858,-7.715517,-4.075133,-199.8
1847,1,0,0,1,14,2,-199.8,-2.781286,-3.775472,-359.64
1848,1,0,0,1,15,2,0,0,-3.899746,-199.8
1849,1,0,0,1,16,2,-738.9583,-8.353434,-6.504971,-360.1195
1850,1,0,0,1,17,2,-199.8,-3.599002,-2.148187,-487.512
1851,1,0,0,1,18,2,-359.64,-3.038791,-3.178457,-199.8
1852,1,0,0,1,19,2,-359.64,-3.672632,-1.645084,0
1853,1,0,0,1,20,2,-199.8,0,-1,-199.8
1854,1,0,0,1,21,2,0,0,0,0
1855,1,0,0,1,22,2,-359.64,-3.204914,-1,0
1856,1,0,0,1,23,2,0,0,0,0
1857,1,0,0,1,24,2,-199.8,-1.580908,-1.8,-199.8
1858,1,0,0,1,25,2,0,0,0,0
1859,1,0,0,1,26,2,0,0,0,0
1860,1,0,0,1,27,2,-199.8,-1.23832,-1.18,-199.8
1861,1,0,0,1,28,2,-589.8096,-1.4716,-1,-487.512
1862,1,0,0,1,29,2,0,0,0,0
1863,1,0,0,1,30,2,-359.64,-1,-1,0
1864,1,0,0,1,31,2,0,0,0,0
1865,1,0,0,1,32,2,0,0,0,0
1866,1,0,0,1,33,2,0,0,0,0
1867,1,0,0,1,34,2,-199.8,0,-1,0
1868,1,0,0,1,35,2,0,0,0,0
1869,1,0,0,1,36,2,0,0,0,0
1870,1,0,0,1,37,2,0,0,0,0
1871,1,0,0,1,38,2,0,0,0,0
1872,1,0,0,1,0,3,0,0,0,0
1873,1,0,0,1,1,3,0,0,0,0
1874,1,0,0,1,2,3,0,0,0,0
1875,1,0,0,1,3,3,0,0,0,0
1876,1,0,0,1,4,3,0,-3.724293,0,0
1877,1,0,0,1,5,3,0,0,0,0
1878,1,0,0,1,6,3,-199.8,-1,0,0
1879,1,0,0,1,7,3,0,0,0,0
1880,1,0,0,1,8,3,0,0,-1,0
1881,1,0,0,1,9,3,0,0,0,0
1882,1,0,0,1,10,3,0,0,0,0
1883,1,0,0,1,11,3,0,0,0,0
1884,1,0,0,1,12,3,0,0,0,0
1885,1,0,0,1,13,3,0,0,0,0
1886,1,0,0,1,14,3,0,0,0,0
1887,1,0,0,1,15,3,0,0,0,0
1888,1,0,0,1,16,3,0,0,0,0
1889,1,0,0,1,17,3,0,0,0,0
1890,1,0,0,1,18,3,0,0,0,0
1891,1,0,0,1,19,3,0,0,0,0
1892,1,0,0,1,20,3,0,0,0,0
1893,1,0,0,1,21,3,0,0,0,0
1894,1,0,0,1,22,3,0,0,0,0
1895,1,0,0,1,23,3,0,0,0,0
1896,1,0,0,1,24,3,0,0,0,0
1897,1,0,0,1,25,3,0,0,0,0
1898,1,0,0,1,26,3,0,0,0,0
1899,1,0,0,1,27,3,0,0,0,0
1900,1,0,0,1,28,3,0,0,0,0
1901,1,0,0,1,29,3,0,0,0,0
1902,1,0,0,1,30,3,0,0,0,0
1903,1,0,0,1,31,3,0,0,0,0
1904,1,0,0,1,32,3,0,0,0,0
1905,1,0,0,1,33,3,0,0,0,0
1906,1,0,0,1,34,3,0,0,0,0
1907,1,0,0,1,35,3,0,0,0,0
1908,1,0,0,1,36,3,0,0,0,0
1909,1,0,0,1,37,3,0,0,0,0
1910,1,0,0,1,38,3,0,0,0,0
1911,1,0,0,1,0,4,0,0,0,0
1912,1,0,0,1,1,4,-360.2891,-7.101047,-40,-199.8
1913,1,0,0,1,2,4,-199.8,0,-72,0
1914,1,0,0,1,3,4,0,0,0,0
1915,1,0,0,1,4,4,0,-4.396544,0,-199.8
1916,1,0,0,1,5,4,0,0,0,0
1917,1,0,0,1,6,4,0,0,0,0
1918,1,0,0,1,7,4,0,0,0,0
1919,1,0,0,1,8,4,0,0,0,0
1920,1,0,0,1,9,4,-199.8,-1.324,0,0
1921,1,0,0,1,10,4,0,0,0,0
1922,1,0,0,1,11,4,0,0,0,0
1923,1,0,0,1,12,4,0,0,0,0
1924,1,0,0,1,13,4,0,0,0,0
1925,1,0,0,1,14,4,0,0,0,0
1926,1,0,0,1,15,4,0,0,0,0
1927,1,0,0,1,16,4,0,0,0,0
1928,1,0,0,1,17,4,0,0,0,0
1929,1,0,0,1,18,4,0,0,0,0
1930,1,0,0,1,19,4,0,0,0,0
1931,1,0,0,1,20,4,0,0,0,0
1932,1,0,0,1,21,4,0,0,0,0
1933,1,0,0,1,22,4,0,0,0,0
1934,1,0,0,1,23,4,0,0,0,0
1935,1,0,0,1,24,4,0,0,0,0
1936,1,0,0,1,25,4,0,0,0,0
1937,1,0,0,1,26,4,0,0,0,0
1938,1,0,0,1,27,4,0,0,0,0
1939,1,0,0,1,28,4,0,0,0,0
1940,1,0,0,1,29,4,0,0,0,0
1941,1,0,0,1,30,4,0,0,0,0
1942,1,0,0,1,31,4,0,0,0,0
1943,1,0,0,1,32,4,0,0,0,0
1944,1,0,0,1,33,4,0,0,0,0
1945,1,0,0,1,34,4,0,0,0,0
1946,1,0,0,1,35,4,0,0,0,0
1947,1,0,0,1,36,4,0,0,0,0
1948,1,0,0,1,37,4,0,0,0,0
1949,1,0,0,1,38,4,0,0,0,0
1950,1,0,1,0,0,0,0,0,0,0
1951,1,0,1,0,1,0,0,0,0,0
1952,1,0,1,0,2,0,0,0,0,0
1953,1,0,1,0,3,0,0,0,0,0
1954,1,0,1,0,4,0,0,0,0,0
1955,1,0,1,0,5,0,0,0,0,0
1956,1,0,1,0,6,0,0,0,0,0
1957,1,0,1,0,7,0,0,0,0,0
1958,1,0,1,0,8,0,0,0,0,0
1959,1,0,1,0,9,0,0,0,0,0
1960,1,0,1,0,10,0,0,0,0,0
1961,1,0,1,0,11,0,0,0,0,0
1962,1,0,1,0,12,0,0,0,0,0
1963,1,0,1,0,13,0,0,0,0,0
1964,1,0,1,0,14,0,0,0,0,0
1965,1,0,1,0,15,0,0,0,0,0
1966,1,0,1,0,16,0,0,0,0,0
1967,1,0,1,0,17,0,0,0,0,0
1968,1,0,1,0,18,0,0,0,0,0
1969,1,0,1,0,19,0,0,0,0,0
1970,1,0,1,0,20,0,0,0,0,0
1971,1,0,1,0,21,0,0,0,0,0
1972,1,0,1,0,22,0,0,0,0,0
1973,1,0,1,0,23,0,0,0,0,0
1974,1,0,1,0,24,0,0,0,0,0
1975,1,0,1,0,25,0,0,0,0,0
1976,1,0,1,0,26,0,0,0,0,0
1977,1,0,1,0,27,0,0,0,0,0
1978,1,0,1,0,28,0,0,0,0,0
1979,1,0,1,0,29,0,0,0,0,0
1980,1,0,1,0,30,0,0,0,0,0
1981,1,0,1,0,31,0,0,0,0,0
1982,1,0,1,0,32,0,0,0,0,0
1983,1,0,1,0,33,0,0,0,0,0
1984,1,0,1,0,34,0,0,0,0,0
1985,1,0,1,0,35,0,0,0,0,0
1986,1,0,1,0,36,0,0,0,0,0
1987,1,0,1,0,37,0,0,0,0,0
1988,1,0,1,0,38,0,0,0,0,0
1989,1,0,1,0,0,1,0,0,0,0
1990,1,0,1,0,1,1,-792.107,-360.525,-4.916502,-97.6
1991,1,0,1,0,2,1,-589.8096,-359.64,-64.84991,-72
1992,1,0,1,0,3,1,-360.8242,-589.8096,-10.80512,-12.22673
1993,1,0,1,0,4,1,-199.8,-489.4567,-14.92368,-12.82558
1994,1,0,1,0,5,1,-488.0676,-672.2032,-8.42759,-6.026382
1995,1,0,1,0,6,1,-359.9192,-359.9192,-3.658483,-1.551123
1996,1,0,1,0,7,1,-199.8,-199.8,-5.816309,-6.883989
1997,1,0,1,0,8,1,-488.197,-360.0205,-6.091313,-5.796707
1998,1,0,1,0,9,1,-199.8,0,-3.112572,-5.194407
1999,1,0,1,0,10,1,-199.8,-199.8,-2.003196,-1.820984
2000,1,0,1,0,11,1,-738.5599,-487.836,-6.887527,-6.817204
2001,1,0,1,0,12,1,-359.64,-199.8,-2.076871,-3.869176
2002,1,0,1,0,13,1,-359.64,0,-5.013819,0
2003,1,0,1,0,14,1,0,0,-2.300048,0
2004,1,0,1,0,15,1,0,0,-3.278159,-2.59824
2005,1,0,1,0,16,1,-199.8,0,-2.720788,0
2006,1,0,1,0,17,1,-199.8,-199.8,-1.966056,-2.293532
2007,1,0,1,0,18,1,0,0,0,0
2008,1,0,1,0,19,1,-359.64,-487.512,-1.966056,-2.031894
2009,1,0,1,0,20,1,0,0,0,0
2010,1,0,1,0,21,1,-487.512,-199.8,-2.336808,-2.220281
2011,1,0,1,0,22,1,0,0,0,0
2012,1,0,1,0,23,1,-199.8,0,0,-1
2013,1,0,1,0,24,1,0,0,0,0
2014,1,0,1,0,25,1,-359.64,-199.8,-1.34992,-1
2015,1,0,1,0,26,1,0,0,0,0
2016,1,0,1,0,27,1,-359.64,-359.64,-1.18,-1.18
2017,1,0,1,0,28,1,0,0,0,0
2018,1,0,1,0,29,1,0,0,0,0
2019,1,0,1,0,30,1,0,0,0,0
2020,1,0,1,0,31,1,0,0,0,0
2021,1,0,1,0,32,1,0,0,0,0
2022,1,0,1,0,33,1,0,0,0,0
2023,1,0,1,0,34,1,0,0,0,0
2024,1,0,1,0,35,1,0,0,0,0
2025,1,0,1,0,36,1,0,0,0,0
2026,1,0,1,0,37,1,0,0,0,0
2027,1,0,1,0,38,1,0,0,0,0
2028,1,0,1,0,0,2,0,0,0,0
2029,1,0,1,0,1,2,0,0,0,0
2030,1,0,1,0,2,2,0,0,0,-5.88193
2031,1,0,1,0,3,2,-199.8,-359.8783,-3.879186,-2.077859
2032,1,0,1,0,4,2,-199.8,-199.8,-9.828976,-7.14477
2033,1,0,1,0,5,2,-199.8,-199.8,-2.526784,-6.113732
2034,1,0,1,0,6,2,-199.8,0,0,-2.450359
2035,1,0,1,0,7,2,-199.8,-199.8,-5.941709,-4.602796
2036,1,0,1,0,8,2,-199.8,-199.8,-2.358644,-1.875964
2037,1,0,1,0,9,2,0,0,-3.895502,-3.445058
2038,1,0,1,0,10,2,0,-199.8,-6.524697,-1.673415
2039,1,0,1,0,11,2,0,0,0,0
2040,1,0,1,0,12,2,0,0,0,0
2041,1,0,1,0,13,2,0,0,0,0
2042,1,0,1,0,14,2,0,0,0,0
2043,1,0,1,0,15,2,0,0,0,0
2044,1,0,1,0,16,2,0,0,0,0
2045,1,0,1,0,17,2,0,0,0,0
2046,1,0,1,0,18,2,0,0,0,0
2047,1,0,1,0,19,2,0,0,0,0
2048,1,0,1,0,20,2,0,0,0,0
2049,1,0,1,0,21,2,0,0,0,0
2050,1,0,1,0,22,2,0,0,0,0
2051,1,0,1,0,23,2,0,0,0,0
2052,1,0,1,0,24,2,0,0,0,0
2053,1,0,1,0,25,2,0,0,0,0
2054,1,0,1,0,26,2,0,0,0,0
2055,1,0,1,0,27,2,0,0,0,0
2056,1,0,1,0,28,2,0,0,0,0
2057,1,0,1,0,29,2,0,0,0,0
2058,1,0,1,0,30,2,0,0,0,0
2059,1,0,1,0,31,2,0,0,0,0
2060,1,0,1,0,32,2,0,0,0,0
2061,1,0,1,0,33,2,0,0,0,0
2062,1,0,1,0,34,2,0,0,0,0
2063,1,0,1,0,35,2,0,0,0,0
2064,1,0,1,0,36,2,0,0,0,0
2065,1,0,1,0,37,2,0,0,0,0
2066,1,0,1,0,38,2,0,0,0,0
2067,1,0,1,0,0,3,0,0,0,0
2068,1,0,1,0,1,3,0,0,0,0
2069,1,0,1,0,2,3,0,0,0,0
2070,1,0,1,0,3,3,0,0,0,0
2071,1,0,1,0,4,3,-199.8,-199.8,-1,0
2072,1,0,1,0,5,3,0,0,0,0
2073,1,0,1,0,6,3,0,0,0,0
2074,1,0,1,0,7,3,0,0,0,0
2075,1,0,1,0,8,3,0,0,0,0
2076,1,0,1,0,9,3,0,0,0,0
2077,1,0,1,0,10,3,0,0,0,0
2078,1,0,1,0,11,3,0,0,0,0
2079,1,0,1,0,12,3,0,0,0,0
2080,1,0,1,0,13,3,0,0,0,0
2081,1,0,1,0,14,3,0,0,0,0
2082,1,0,1,0,15,3,0,0,0,0
2083,1,0,1,0,16,3,0,0,0,0
2084,1,0,1,0,17,3,0,0,0,0
2085,1,0,1,0,18,3,0,0,0,0
2086,1,0,1,0,19,3,0,0,0,0
2087,1,0,1,0,20,3,0,0,0,0
2088,1,0,1,0,21,3,0,0,0,0
2089,1,0,1,0,22,3,0,0,0,0
2090,1,0,1,0,23,3,0,0,0,0
2091,1,0,1,0,24,3,0,0,0,0
2092,1,0,1,0,25,3,0,0,0,0
2093,1,0,1,0,26,3,0,0,0,0
2094,1,0,1,0,27,3,0,0,0,0
2095,1,0,1,0,28,3,0,0,0,0
2096,1,0,1,0,29,3,0,0,0,0
2097,1,0,1,0,30,3,0,0,0,0
2098,1,0,1,0,31,3,0,0,0,0
2099,1,0,1,0,32,3,0,0,0,0
2100,1,0,1,0,33,3,0,0,0,0
2101,1,0,1,0,34,3,0,0,0,0
2102,1,0,1,0,35,3,0,0,0,0
2103,1,0,1,0,36,3,0,0,0,0
2104,1,0,1,0,37,3,0,0,0,0
2105,1,0,1,0,38,3,0,0,0,0
2106,1,0,1,0,0,4,0,0,0,0
2107,1,0,1,0,1,4,0,-359.64,-118.08,-9.124164
2108,1,0,1,0,2,4,-589.8096,-487.512,-40,-2.96453
2109,1,0,1,0,3,4,-359.64,-199.8,0,-1
2110,1,0,1,0,4,4,-199.8,0,-1,0
2111,1,0,1,0,5,4,0,0,0,0
2112,1,0,1,0,6,4,0,0,-1,0
2113,1,0,1,0,7,4,0,0,0,0
2114,1,0,1,0,8,4,0,0,-1.4392,0
2115,1,0,1,0,9,4,0,0,0,0
2116,1,0,1,0,10,4,0,0,0,0
2117,1,0,1,0,11,4,0,0,0,0
2118,1,0,1,0,12,4,0,0,0,0
2119,1,0,1,0,13,4,0,0,0,0
2120,1,0,1,0,14,4,0,0,0,0
2121,1,0,1,0,15,4,0,0,0,0
2122,1,0,1,0,16,4,0,0,0,0
2123,1,0,1,0,17,4,0,0,0,0
2124,1,0,1,0,18,4,0,0,0,0
2125,1,0,1,0,19,4,0,0,0,0
2126,1,0,1,0,20,4,0,0,0,0
2127,1,0,1,0,21,4,0,0,0,0
2128,1,0,1,0,22,4,0,0,0,0
2129,1,0,1,0,23,4,0,0,0,0
2130,1,0,1,0,24,4,0,0,0,0
2131,1,0,1,0,25,4,0,0,0,0
2132,1,0,1,0,26,4,0,0,0,0
2133,1,0,1,0,27,4,0,0,0,0
2134,1,0,1,0,28,4,0,0,0,0
2135,1,0,1,0,29,4,0,0,0,0
2136,1,0,1,0,30,4,0,0,0,0
2137,1,0,1,0,31,4,0,0,0,0
2138,1,0,1,0,32,4,0,0,0,0
2139,1,0,1,0,33,4,0,0,0,0
2140,1,0,1,0,34,4,0,0,0,0
2141,1,0,1,0,35,4,0,0,0,0
2142,1,0,1,0,36,4,0,0,0,0
2143,1,0,1,0,37,4,0,0,0,0
2144,1,0,1,0,38,4,0,0,0,0
2145,1,0,1,1,0,0,0,0,0,0
2146,1,0,1,1,1,0,0,0,0,0
2147,1,0,1,1,2,0,0,0,0,0
2148,1,0,1,1,3,0,0,0,0,0
2149,1,0,1,1,4,0,0,0,0,0
2150,1,0,1,1,5,0,0,0,0,0
2151,1,0,1,1,6,0,0,0,0,0
2152,1,0,1,1,7,0,0,0,0,0
2153,1,0,1,1,8,0,0,0,0,0
2154,1,0,1,1,9,0,0,0,0,0
2155,1,0,1,1,10,0,0,0,0,0
2156,1,0,1,1,11,0,0,0,0,0
2157,1,0,1,1,12,0,0,0,0,0
2158,1,0,1,1,13,0,0,0,0,0
2159,1,0,1,1,14,0,0,0,0,0
2160,1,0,1,1,15,0,0,0,0,0
2161,1,0,1,1,16,0,0,0,0,0
2162,1,0,1,1,17,0,0,0,0,0
2163,1,0,1,1,18,0,0,0,0,0
2164,1,0,1,1,19,0,0,0,0,0
2165,1,0,1,1,20,0,0,0,0,0
2166,1,0,1,1,21,0,0,0,0,0
2167,1,0,1,1,22,0,0,0,0,0
2168,1,0,1,1,23,0,0,0,0,0
2169,1,0,1,1,24,0,0,0,0,0
2170,1,0,1,1,25,0,0,0,0,0
2171,1,0,1,1,26,0,0,0,0,0
2172,1,0,1,1,27,0,0,0,0,0
2173,1,0,1,1,28,0,0,0,0,0
2174,1,0,1,1,29,0,0,0,0,0
2175,1,0,1,1,30,0,0,0,0,0
2176,1,0,1,1,31,0,0,0,0,0
2177,1,0,1,1,32,0,0,0,0,0
2178,1,0,1,1,33,0,0,0,0,0
2179,1,0,1,1,34,0,0,0,0,0
2180,1,0,1,1,35,0,0,0,0,0
2181,1,0,1,1,36,0,0,0,0,0
2182,1,0,1,1,37,0,0,0,0,0
2183,1,0,1,1,38,0,0,0,0,0
2184,1,0,1,1,0,1,0,0,0,0
2185,1,0,1,1,1,1,0,0,0,0
2186,1,0,1,1,2,1,0,0,0,0
2187,1,0,1,1,3,1,0,0,0,0
2188,1,0,1,1,4,1,0,0,0,0
2189,1,0,1,1,5,1,0,0,0,0
2190,1,0,1,1,6,1,0,0,0,0
2191,1,0,1,1,7,1,0,0,0,0
2192,1,0,1,1,8,1,0,0,0,0
2193,1,0,1,1,9,1,0,0,0,0
2194,1,0,1,1,10,1,0,0,0,0
2195,1,0,1,1,11,1,0,0,0,0
2196,1,0,1,1,12,1,0,0,0,0
2197,1,0,1,1,13,1,0,0,0,0
2198,1,0,1,1,14,1,0,0,0,0
2199,1,0,1,1,15,1,0,0,0,0
2200,1,0,1,1,16,1,0,0,0,0
2201,1,0,1,1,17,1,0,0,0,0
2202,1,0,1,1,18,1,0,0,0,0
2203,1,0,1,1,19,1,0,0,0,0
2204,1,0,1,1,20,1,0,0,0,0
2205,1,0,1,1,21,1,0,0,0,0
2206,1,0,1,1,22,1,0,0,0,0
2207,1,0,1,1,23,1,0,0,0,0
2208,1,0,1,1,24,1,0,0,0,0
2209,1,0,1,1,25,1,0,0,0,0
2210,1,0,1,1,26,1,0,0,0,0
2211,1,0,1,1,27,1,0,0,0,0
2212,1,0,1,1,28,1,0,0,0,0
2213,1,0,1,1,29,1,0,0,0,0
2214,1,0,1,1,30,1,0,0,0,0
2215,1,0,1,1,31,1,0,0,0,0
2216,1,0,1,1,32,1,0,0,0,0
2217,1,0,1,1,33,1,0,0,0,0
2218,1,0,1,1,34,1,0,0,0,0
2219,1,0,1,1,35,1,0,0,0,0
2220,1,0,1,1,36,1,0,0,0,0
2221,1,0,1,1,37,1,0,0,0,0
2222,1,0,1,1,38,1,0,0,0,0
2223,1,0,1,1,0,2,0,0,0,0
2224,1,0,1,1,1,2,0,0,0,0
2225,1,0,1,1,2,2,0,0,0,0
2226,1,0,1,1,3,2,0,0,0,0
2227,1,0,1,1,4,2,0,0,0,0
2228,1,0,1,1,5,2,0,0,0,0
2229,1,0,1,1,6,2,0,0,0,0
2230,1,0,1,1,7,2,0,0,0,0
2231,1,0,1,1,8,2,0,0,0,0
2232,1,0,1,1,9,2,0,0,0,0
2233,1,0,1,1,10,2,0,0,0,0
2234,1,0,1,1,11,2,0,0,0,0
2235,1,0,1,1,12,2,0,0,0,0
2236,1,0,1,1,13,2,0,0,0,0
2237,1,0,1,1,14,2,0,0,0,0
2238,1,0,1,1,15,2,0,0,0,0
2239,1,0,1,1,16,2,0,0,0,0
2240,1,0,1,1,17,2,0,0,0,0
2241,1,0,1,1,18,2,0,0,0,0
2242,1,0,1,1,19,2,0,0,0,0
2243,1,0,1,1,20,2,0,0,0,0
2244,1,0,1,1,21,2,0,0,0,0
2245,1,0,1,1,22,2,0,0,0,0
2246,1,0,1,1,23,2,0,0,0,0
2247,1,0,1,1,24,2,0,0,0,0
2248,1,0,1,1,25,2,0,0,0,0
2249,1,0,1,1,26,2,0,0,0,0
2250,1,0,1,1,27,2,0,0,0,0
2251,1,0,1,1,28,2,0,0,0,0
2252,1,0,1,1,29,2,0,0,0,0
2253,1,0,1,1,30,2,0,0,0,0
2254,1,0,1,1,31,2,0,0,0,0
2255,1,0,1,1,32,2,0,0,0,0
2256,1,0,1,1,33,2,0,0,0,0
2257,1,0,1,1,34,2,0,0,0,0
2258,1,0,1,1,35,2,0,0,0,0
2259,1,0,1,1,36,2,0,0,0,0
2260,1,0,1,1,37,2,0,0,0,0
2261,1,0,1,1,38,2,0,0,0,0
2262,1,0,1,1,0,3,0,0,0,0
2263,1,0,1,1,1,3,0,0,0,0
2264,1,0,1,1,2,3,0,0,0,0
2265,1,0,1,1,3,3,0,0,0,0
2266,1,0,1,1,4,3,0,0,0,0
2267,1,0,1,1,5,3,0,0,0,0
2268,1,0,1,1,6,3,0,0,0,0
2269,1,0,1,1,7,3,0,0,0,0
2270,1,0,1,1,8,3,0,0,0,0
2271,1,0,1,1,9,3,0,0,0,0
2272,1,0,1,1,10,3,0,0,0,0
2273,1,0,1,1,11,3,0,0,0,0
2274,1,0,1,1,12,3,0,0,0,0
2275,1,0,1,1,13,3,0,0,0,0
2276,1,0,1,1,14,3,0,0,0,0
2277,1,0,1,1,15,3,0,0,0,0
2278,1,0,1,1,16,3,0,0,0,0
2279,1,0,1,1,17,3,0,0,0,0
2280,1,0,1,1,18,3,0,0,0,0
2281,1,0,1,1,19,3,0,0,0,0
2282,1,0,1,1,20,3,0,0,0,0
2283,1,0,1,1,21,3,0,0,0,0
2284,1,0,1,1,22,3,0,0,0,0
2285,1,0,1,1,23,3,0,0,0,0
2286,1,0,1,1,24,3,0,0,0,0
2287,1,0,1,1,25,3,0,0,0,0
2288,1,0,1,1,26,3,0,0,0,0
2289,1,0,1,1,27,3,0,0,0,0
2290,1,0,1,1,28,3,0,0,0,0
2291,1,0,1,1,29,3,0,0,0,0
2292,1,0,1,1,30,3,0,0,0,0
2293,1,0,1,1,31,3,0,0,0,0
2294,1,0,1,1,32,3,0,0,0,0
2295,1,0,1,1,33,3,0,0,0,0
2296,1,0,1,1,34,3,0,0,0,0
2297,1,0,1,1,35,3,0,0,0,0
2298,1,0,1,1,36,3,0,0,0,0
2299,1,0,1,1,37,3,0,0,0,0
2300,1,0,1,1,38,3,0,0,0,0
2301,1,0,1,1,0,4,0,0,0,0
2302,1,0,1,1,1,4,0,0,0,0
2303,1,0,1,1,2,4,0,0,0,0
2304,1,0,1,1,3,4,0,0,0,0
2305,1,0,1,1,4,4,0,0,0,0
2306,1,0,1,1,5,4,0,0,0,0
2307,1,0,1,1,6,4,0,0,0,0
2308,1,0,1,1,7,4,0,0,0,0
2309,1,0,1,1,8,4,0,0,0,0
2310,1,0,1,1,9,4,0,0,0,0
2311,1,0,1,1,10,4,0,0,0,0
2312,1,0,1,1,11,4,0,0,0,0
2313,1,0,1,1,12,4,0,0,0,0
2314,1,0,1,1,13,4,0,0,0,0
2315,1,0,1,1,14,4,0,0,0,0
2316,1,0,1,1,15,4,0,0,0,0
2317,1,0,1,1,16,4,0,0,0,0
2318,1,0,1,1,17,4,0,0,0,0
2319,1,0,1,1,18,4,0,0,0,0
2320,1,0,1,1,19,4,0,0,0,0
2321,1,0,1,1,20,4,0,0,0,0
2322,1,0,1,1,21,4,0,0,0,0
2323,1,0,1,1,22,4,0,0,0,0
2324,1,0,1,1,23,4,0,0,0,0
2325,1,0,1,1,24,4,0,0,0,0
2326,1,0,1,1,25,4,0,0,0,0
2327,1,0,1,1,26,4,0,0,0,0
2328,1,0,1,1,27,4,0,0,0,0
2329,1,0,1,1,28,4,0,0,0,0
2330,1,0,1,1,29,4,0,0,0,0
2331,1,0,1,1,30,4,0,0,0,0
2332,1,0,1,1,31,4,0,0,0,0
2333,1,0,1,1,32,4,0,0,0,0
2334,1,0,1,1,33,4,0,0,0,0
2335,1,0,1,1,34,4,0,0,0,0
2336,1,0,1,1,35,4,0,0,0,0
2337,1,0,1,1,36,4,0,0,0,0
2338,1,0,1,1,37,4,0,0,0,0
2339,1,0,1,1,38,4,0,0,0,0
2340,1,1,0,0,0,0,0,0,0,0
2341,1,1,0,0,1,0,0,0,0,0
2342,1,1,0,0,2,0,0,0,0,0
2343,1,1,0,0,3,0,0,0,0,0
2344,1,1,0,0,4,0,0,0,0,0
2345,1,1,0,0,5,0,0,0,0,0
2346,1,1,0,0,6,0,0,0,0,0
2347,1,1,0,0,7,0,0,0,0,0
2348,1,1,0,0,8,0,0,0,0,0
2349,1,1,0,0,9,0,0,0,0,0
2350,1,1,0,0,10,0,0,0,0,0
2351,1,1,0,0,11,0,0,0,0,0
2352,1,1,0,0,12,0,0,0,0,0
2353,1,1,0,0,13,0,0,0,0,0
2354,1,1,0,0,14,0,0,0,0,0
2355,1,1,0,0,15,0,0,0,0,0
2356,1,1,0,0,16,0,0,0,0,0
2357,1,1,0,0,17,0,0,0,0,0
2358,1,1,0,0,18,0,0,0,0,0
2359,1,1,0,0,19,0,0,0,0,0
2360,1,1,0,0,20,0,0,0,0,0
2361,1,1,0,0,21,0,0,0,0,0
2362,1,1,0,0,22,0,0,0,0,0
2363,1,1,0,0,23,0,0,0,0,0
2364,1,1,0,0,24,0,0,0,0,0
2365,1,1,0,0,25,0,0,0,0,0
2366,1,1,0,0,26,0,0,0,0,0
2367,1,1,0,0,27,0,0,0,0,0
2368,1,1,0,0,28,0,0,0,0,0
2369,1,1,0,0,29,0,0,0,0,0
2370,1,1,0,0,30,0,0,0,0,0
2371,1,1,0,0,31,0,0,0,0,0
2372,1,1,0,0,32,0,0,0,0,0
2373,1,1,0,0,33,0,0,0,0,0
2374,1,1,0,0,34,0,0,0,0,0
2375,1,1,0,0,35,0,0,0,0,0
2376,1,1,0,0,36,0,0,0,0,0
2377,1,1,0,0,37,0,0,0,0,0
2378,1,1,0,0,38,0,0,0,0,0
2379,1,1,0,0,0,1,0,0,0,0
2380,1,1,0,0,1,1,0,0,0,0
2381,1,1,0,0,2,1,0,0,0,0
2382,1,1,0,0,3,1,0,0,0,0
2383,1,1,0,0,4,1,0,0,0,0
2384,1,1,0,0,5,1,-199.8,0,0,-1
2385,1,1,0,0,6,1,0,0,0,0
2386,1,1,0,0,7,1,-199.8,0,0,-1
2387,1,1,0,0,8,1,0,0,0,0
2388,1,1,0,0,9,1,-199.8,-1,-199.8,0
2389,1,1,0,0,10,1,0,0,0,0
2390,1,1,0,0,11,1,0,0,0,0
2391,1,1,0,0,12,1,0,0,0,0
2392,1,1,0,0,13,1,0,-1.18,0,0
2393,1,1,0,0,14,1,0,0,0,0
2394,1,1,0,0,15,1,0,0,0,0
2395,1,1,0,0,16,1,0,0,0,0
2396,1,1,0,0,17,1,0,0,0,0
2397,1,1,0,0,18,1,0,0,0,0
2398,1,1,0,0,19,1,0,0,0,0
2399,1,1,0,0,20,1,0,0,0,0
2400,1,1,0,0,21,1,0,0,0,0
2401,1,1,0,0,22,1,0,0,0,0
2402,1,1,0,0,23,1,0,0,0,0
2403,1,1,0,0,24,1,0,0,0,0
2404,1,1,0,0,25,1,0,0,0,0
2405,1,1,0,0,26,1,0,0,0,0
2406,1,1,0,0,27,1,0,0,0,0
2407,1,1,0,0,28,1,0,0,0,0
2408,1,1,0,0,29,1,0,0,0,0
2409,1,1,0,0,30,1,0,0,0,0
2410,1,1,0,0,31,1,0,0,0,0
2411,1,1,0,0,32,1,0,0,0,0
2412,1,1,0,0,33,1,0,0,0,0
2413,1,1,0,0,34,1,0,0,0,0
2414,1,1,0,0,35,1,0,0,0,0
2415,1,1,0,0,36,1,0,0,0,0
2416,1,1,0,0,37,1,0,0,0,0
2417,1,1,0,0,38,1,0,0,0,0
2418,1,1,0,0,0,2,0,0,0,0
2419,1,1,0,0,1,2,-199.8,-40,-359.64,0
2420,1,1,0,0,2,2,-199.8,-72,0,-1
2421,1,1,0,0,3,2,-359.64,-5.406316,-199.8,-3.743899
2422,1,1,0,0,4,2,-360.0468,-2.259936,-672.0545,-8.491852
2423,1,1,0,0,5,2,0,-5.696402,0,0
2424,1,1,0,0,6,2,-487.836,-2.333353,-359.82,-1
2425,1,1,0,0,7,2,-199.8,-4.808761,-672.4382,-4.373401
2426,1,1,0,0,8,2,-199.8,-1.266664,-199.8,-4.367796
2427,1,1,0,0,9,2,-359.64,-1,-199.8,-1
2428,1,1,0,0,10,2,-739.0417,-7.009974,-360.3897,-7.969311
2429,1,1,0,0,11,2,-359.64,-1.18,-359.8524,-3.727833
2430,1,1,0,0,12,2,-589.8096,-3.65575,0,-1.635314
2431,1,1,0,0,13,2,-359.82,-1.8,-199.8,-1
2432,1,1,0,0,14,2,-199.8,-2.107109,0,-1.49752
2433,1,1,0,0,15,2,0,0,0,-1
2434,1,1,0,0,16,2,-359.64,-3.336517,-199.8,-3.159264
2435,1,1,0,0,17,2,-199.8,-3.069327,0,0
2436,1,1,0,0,18,2,-359.64,-1,-199.8,-3.176116
2437,1,1,0,0,19,2,0,-2.338606,0,-3.42867
2438,1,1,0,0,20,2,-199.8,-2.495145,-359.64,-2.467296
2439,1,1,0,0,21,2,-199.8,-2.44,-199.8,-1
2440,1,1,0,0,22,2,0,0,0,0
2441,1,1,0,0,23,2,0,0,0,0
2442,1,1,0,0,24,2,0,0,0,0
2443,1,1,0,0,25,2,0,0,0,0
2444,1,1,0,0,26,2,0,0,0,0
2445,1,1,0,0,27,2,0,0,0,0
2446,1,1,0,0,28,2,0,0,0,0
2447,1,1,0,0,29,2,0,0,0,0
2448,1,1,0,0,30,2,0,0,0,0
2449,1,1,0,0,31,2,0,0,0,0
2450,1,1,0,0,32,2,0,0,0,0
2451,1,1,0,0,33,2,0,0,0,0
2452,1,1,0,0,34,2,0,0,0,0
2453,1,1,0,0,35,2,0,0,0,0
2454,1,1,0,0,36,2,0,0,0,0
2455,1,1,0,0,37,2,0,0,0,0
2456,1,1,0,0,38,2,0,0,0,0
2457,1,1,0,0,0,3,0,0,0,0
2458,1,1,0,0,1,3,0,0,0,0
2459,1,1,0,0,2,3,0,0,0,0
2460,1,1,0,0,3,3,0,0,0,0
2461,1,1,0,0,4,3,0,0,0,0
2462,1,1,0,0,5,3,0,0,0,0
2463,1,1,0,0,6,3,0,0,0,0
2464,1,1,0,0,7,3,0,0,0,0
2465,1,1,0,0,8,3,0,0,0,0
2466,1,1,0,0,9,3,0,0,0,0
2467,1,1,0,0,10,3,0,0,0,0
2468,1,1,0,0,11,3,0,0,0,0
2469,1,1,0,0,12,3,0,0,0,0
2470,1,1,0,0,13,3,0,0,0,0
2471,1,1,0,0,14,3,0,0,0,0
2472,1,1,0,0,15,3,0,0,0,0
2473,1,1,0,0,16,3,0,0,0,0
2474,1,1,0,0,17,3,0,0,0,0
2475,1,1,0,0,18,3,0,0,0,0
2476,1,1,0,0,19,3,0,0,0,0
2477,1,1,0,0,20,3,0,0,0,0
2478,1,1,0,0,21,3,0,0,0,0
2479,1,1,0,0,22,3,0,0,0,0
2480,1,1,0,0,23,3,0,0,0,0
2481,1,1,0,0,24,3,0,0,0,0
2482,1,1,0,0,25,3,0,0,0,0
2483,1,1,0,0,26,3,0,0,0,0
2484,1,1,0,0,27,3,0,0,0,0
2485,1,1,0,0,28,3,0,0,0,0
2486,1,1,0,0,29,3,0,0,0,0
2487,1,1,0,0,30,3,0,0,0,0
2488,1,1,0,0,31,3,0,0,0,0
2489,1,1,0,0,32,3,0,0,0,0
2490,1,1,0,0,33,3,0,0,0,0
2491,1,1,0,0,34,3,0,0,0,0
2492,1,1,0,0,35,3,0,0,0,0
2493,1,1,0,0,36,3,0,0,0,0
2494,1,1,0,0,37,3,0,0,0,0
2495,1,1,0,0,38,3,0,0,0,0
2496,1,1,0,0,0,4,0,0,0,0
2497,1,1,0,0,1,4,0,0,0,0
2498,1,1,0,0,2,4,0,0,0,0
2499,1,1,0,0,3,4,0,0,0,0
2500,1,1,0,0,4,4,0,0,0,0
2501,1,1,0,0,5,4,0,0,0,0
2502,1,1,0,0,6,4,0,0,0,0
2503,1,1,0,0,7,4,0,0,0,0
2504,1,1,0,0,8,4,0,0,0,0
2505,1,1,0,0,9,4,0,0,0,0
2506,1,1,0,0,10,4,0,0,0,0
2507,1,1,0,0,11,4,0,0,0,0
2508,1,1,0,0,12,4,0,0,0,0
2509,1,1,0,0,13,4,0,0,0,0
2510,1,1,0,0,14,4,0,0,0,0
2511,1,1,0,0,15,4,0,0,0,0
2512,1,1,0,0,16,4,0,0,0,0
2513,1,1,0,0,17,4,0,0,0,0
2514,1,1,0,0,18,4,0,0,0,0
2515,1,1,0,0,19,4,0,0,0,0
2516,1,1,0,0,20,4,0,0,0,0
2517,1,1,0,0,21,4,0,0,0,0
2518,1,1,0,0,22,4,0,0,0,0
2519,1,1,0,0,23,4,0,0,0,0
2520,1,1,0,0,24,4,0,0,0,0
2521,1,1,0,0,25,4,0,0,0,0
2522,1,1,0,0,26,4,0,0,0,0
2523,1,1,0,0,27,4,0,0,0,0
2524,1,1,0,0,28,4,0,0,0,0
2525,1,1,0,0,29,4,0,0,0,0
2526,1,1,0,0,30,4,0,0,0,0
2527,1,1,0,0,31,4,0,0,0,0
2528,1,1,0,0,32,4,0,0,0,0
2529,1,1,0,0,33,4,0,0,0,0
2530,1,1,0,0,34,4,0,0,0,0
2531,1,1,0,0,35,4,0,0,0,0
2532,1,1,0,0,36,4,0,0,0,0
2533,1,1,0,0,37,4,0,0,0,0
2534,1,1,0,0,38,4,0,0,0,0
2535,1,1,0,1,0,0,0,0,0,0
2536,1,1,0,1,1,0,0,0,0,0
2537,1,1,0,1,2,0,0,0,0,0
2538,1,1,0,1,3,0,0,0,0,0
2539,1,1,0,1,4,0,0,0,0,0
2540,1,1,0,1,5,0,0,0,0,0
2541,1,1,0,1,6,0,0,0,0,0
2542,1,1,0,1,7,0,0,0,0,0
2543,1,1,0,1,8,0,0,0,0,0
2544,1,1,0,1,9,0,0,0,0,0
2545,1,1,0,1,10,0,0,0,0,0
2546,1,1,0,1,11,0,0,0,0,0
2547,1,1,0,1,12,0,0,0,0,0
2548,1,1,0,1,13,0,0,0,0,0
2549,1,1,0,1,14,0,0,0,0,0
2550,1,1,0,1,15,0,0,0,0,0
2551,1,1,0,1,16,0,0,0,0,0
2552,1,1,0,1,17,0,0,0,0,0
2553,1,1,0,1,18,0,0,0,0,0
2554,1,1,0,1,19,0,0,0,0,0
2555,1,1,0,1,20,0,0,0,0,0
2556,1,1,0,1,21,0,0,0,0,0
2557,1,1,0,1,22,0,0,0,0,0
2558,1,1,0,1,23,0,0,0,0,0
2559,1,1,0,1,24,0,0,0,0,0
2560,1,1,0,1,25,0,0,0,0,0
2561,1,1,0,1,26,0,0,0,0,0
2562,1,1,0,1,27,0,0,0,0,0
2563,1,1,0,1,28,0,0,0,0,0
2564,1,1,0,1,29,0,0,0,0,0
2565,1,1,0,1,30,0,0,0,0,0
2566,1,1,0,1,31,0,0,0,0,0
2567,1,1,0,1,32,0,0,0,0,0
2568,1,1,0,1,33,0,0,0,0,0
2569,1,1,0,1,34,0,0,0,0,0
2570,1,1,0,1,35,0,0,0,0,0
2571,1,1,0,1,36,0,0,0,0,0
2572,1,1,0,1,37,0,0,0,0,0
2573,1,1,0,1,38,0,0,0,0,0
2574,1,1,0,1,0,1,0,0,0,0
2575,1,1,0,1,1,1,0,0,0,0
2576,1,1,0,1,2,1,0,0,0,0
2577,1,1,0,1,3,1,0,0,0,0
2578,1,1,0,1,4,1,0,0,0,0
2579,1,1,0,1,5,1,0,0,0,0
2580,1,1,0,1,6,1,0,0,0,0
2581,1,1,0,1,7,1,0,0,0,0
2582,1,1,0,1,8,1,0,0,0,0
2583,1,1,0,1,9,1,0,0,0,0
2584,1,1,0,1,10,1,0,0,0,0
2585,1,1,0,1,11,1,0,0,0,0
2586,1,1,0,1,12,1,0,0,0,0
2587,1,1,0,1,13,1,0,0,0,0
2588,1,1,0,1,14,1,0,0,0,0
2589,1,1,0,1,15,1,0,0,0,0
2590,1,1,0,1,16,1,0,0,0,0
2591,1,1,0,1,17,1,0,0,0,0
2592,1,1,0,1,18,1,0,0,0,0
2593,1,1,0,1,19,1,0,0,0,0
2594,1,1,0,1,20,1,0,0,0,0
2595,1,1,0,1,21,1,0,0,0,0
2596,1,1,0,1,22,1,0,0,0,0
2597,1,1,0,1,23,1,0,0,0,0
2598,1,1,0,1,24,1,0,0,0,0
2599,1,1,0,1,25,1,0,0,0,0
2600,1,1,0,1,26,1,0,0,0,0
2601,1,1,0,1,27,1,0,0,0,0
2602,1,1,0,1,28,1,0,0,0,0
2603,1,1,0,1,29,1,0,0,0,0
2604,1,1,0,1,30,1,0,0,0,0
2605,1,1,0,1,31,1,0,0,0,0
2606,1,1,0,1,32,1,0,0,0,0
2607,1,1,0,1,33,1,0,0,0,0
2608,1,1,0,1,34,1,0,0,0,0
2609,1,1,0,1,35,1,0,0,0,0
2610,1,1,0,1,36,1,0,0,0,0
2611,1,1,0,1,37,1,0,0,0,0
2612,1,1,0,1,38,1,0,0,0,0
2613,1,1,0,1,0,2,0,0,0,0
2614,1,1,0,1,1,2,0,0,0,0
2615,1,1,0,1,2,2,0,0,0,0
2616,1,1,0,1,3,2,0,0,0,0
2617,1,1,0,1,4,2,0,0,0,0
2618,1,1,0,1,5,2,0,0,0,0
2619,1,1,0,1,6,2,0,0,0,0
2620,1,1,0,1,7,2,0,0,0,0
2621,1,1,0,1,8,2,0,0,0,0
2622,1,1,0,1,9,2,0,0,0,0
2623,1,1,0,1,10,2,0,0,0,0
2624,1,1,0,1,11,2,0,0,0,0
2625,1,1,0,1,12,2,0,0,0,0
2626,1,1,0,1,13,2,0,0,0,0
2627,1,1,0,1,14,2,0,0,0,0
2628,1,1,0,1,15,2,0,0,0,0
2629,1,1,0,1,16,2,0,0,0,0
2630,1,1,0,1,17,2,0,0,0,0
2631,1,1,0,1,18,2,0,0,0,0
2632,1,1,0,1,19,2,0,0,0,0
2633,1,1,0,1,20,2,0,0,0,0
2634,1,1,0,1,21,2,0,0,0,0
2635,1,1,0,1,22,2,0,0,0,0
2636,1,1,0,1,23,2,0,0,0,0
2637,1,1,0,1,24,2,0,0,0,0
2638,1,1,0,1,25,2,0,0,0,0
2639,1,1,0,1,26,2,0,0,0,0
2640,1,1,0,1,27,2,0,0,0,0
2641,1,1,0,1,28,2,0,0,0,0
2642,1,1,0,1,29,2,0,0,0,0
2643,1,1,0,1,30,2,0,0,0,0
2644,1,1,0,1,31,2,0,0,0,0
2645,1,1,0,1,32,2,0,0,0,0
2646,1,1,0,1,33,2,0,0,0,0
2647,1,1,0,1,34,2,0,0,0,0
2648,1,1,0,1,35,2,0,0,0,0
2649,1,1,0,1,36,2,0,0,0,0
2650,1,1,0,1,37,2,0,0,0,0
2651,1,1,0,1,38,2,0,0,0,0
2652,1,1,0,1,0,3,0,0,0,0
2653,1,1,0,1,1,3,0,0,0,0
2654,1,1,0,1,2,3,0,0,0,0
2655,1,1,0,1,3,3,0,0,0,0
2656,1,1,0,1,4,3,0,0,0,0
2657,1,1,0,1,5,3,0,0,0,0
2658,1,1,0,1,6,3,0,0,0,0
2659,1,1,0,1,7,3,0,0,0,0
2660,1,1,0,1,8,3,0,0,0,0
2661,1,1,0,1,9,3,0,0,0,0
2662,1,1,0,1,10,3,0,0,0,0
2663,1,1,0,1,11,3,0,0,0,0
2664,1,1,0,1,12,3,0,0,0,0
2665,1,1,0,1,13,3,0,0,0,0
2666,1,1,0,1,14,3,0,0,0,0
2667,1,1,0,1,15,3,0,0,0,0
2668,1,1,0,1,16,3,0,0,0,0
2669,1,1,0,1,17,3,0,0,0,0
2670,1,1,0,1,18,3,0,0,0,0
2671,1,1,0,1,19,3,0,0,0,0
2672,1,1,0,1,20,3,0,0,0,0
2673,1,1,0,1,21,3,0,0,0,0
2674,1,1,0,1,22,3,0,0,0,0
2675,1,1,0,1,23,3,0,0,0,0
2676,1,1,0,1,24,3,0,0,0,0
2677,1,1,0,1,25,3,0,0,0,0
2678,1,1,0,1,26,3,0,0,0,0
2679,1,1,0,1,27,3,0,0,0,0
2680,1,1,0,1,28,3,0,0,0,0
2681,1,1,0,1,29,3,0,0,0,0
2682,1,1,0,1,30,3,0,0,0,0
2683,1,1,0,1,31,3,0,0,0,0
2684,1,1,0,1,32,3,0,0,0,0
2685,1,1,0,1,33,3,0,0,0,0
2686,1,1,0,1,34,3,0,0,0,0
2687,1,1,0,1,35,3,0,0,0,0
2688,1,1,0,1,36,3,0,0,0,0
2689,1,1,0,1,37,3,0,0,0,0
2690,1,1,0,1,38,3,0,0,0,0
2691,1,1,0,1,0,4,0,0,0,0
2692,1,1,0,1,1,4,0,0,0,0
2693,1,1,0,1,2,4,0,0,0,0
2694,1,1,0,1,3,4,0,0,0,0
2695,1,1,0,1,4,4,0,0,0,0
2696,1,1,0,1,5,4,0,0,0,0
2697,1,1,0,1,6,4,0,0,0,0
2698,1,1,0,1,7,4,0,0,0,0
2699,1,1,0,1,8,4,0,0,0,0
2700,1,1,0,1,9,4,0,0,0,0
2701,1,1,0,1,10,4,0,0,0,0
2702,1,1,0,1,11,4,0,0,0,0
2703,1,1,0,1,12,4,0,0,0,0
2704,1,1,0,1,13,4,0,0,0,0
2705,1,1,0,1,14,4,0,0,0,0
2706,1,1,0,1,15,4,0,0,0,0
2707,1,1,0,1,16,4,0,0,0,0
2708,1,1,0,1,17,4,0,0,0,0
2709,1,1,0,1,18,4,0,0,0,0
2710,1,1,0,1,19,4,0,0,0,0
2711,1,1,0,1,20,4,0,0,0,0
2712,1,1,0,1,21,4,0,0,0,0
2713,1,1,0,1,22,4,0,0,0,0
2714,1,1,0,1,23,4,0,0,0,0
2715,1,1,0,1,24,4,0,0,0,0
2716,1,1,0,1,25,4,0,0,0,0
2717,1,1,0,1,26,4,0,0,0,0
2718,1,1,0,1,27,4,0,0,0,0
2719,1,1,0,1,28,4,0,0,0,0
2720,1,1,0,1,29,4,0,0,0,0
2721,1,1,0,1,30,4,0,0,0,0
2722,1,1,0,1,31,4,0,0,0,0
2723,1,1,0,1,32,4,0,0,0,0
2724,1,1,0,1,33,4,0,0,0,0
2725,1,1,0,1,34,4,0,0,0,0
2726,1,1,0,1,35,4,0,0,0,0
2727,1,1,0,1,36,4,0,0,0,0
2728,1,1,0,1,37,4,0,0,0,0
2729,1,1,0,1,38,4,0,0,0,0
2730,1,1,1,0,0,0,0,0,0,0
2731,1,1,1,0,1,0,0,0,0,0
2732,1,1,1,0,2,0,0,0,0,0
2733,1,1,1,0,3,0,0,0,0,0
2734,1,1,1,0,4,0,0,0,0,0
2735,1,1,1,0,5,0,0,0,0,0
2736,1,1,1,0,6,0,0,0,0,0
2737,1,1,1,0,7,0,0,0,0,0
2738,1,1,1,0,8,0,0,0,0,0
2739,1,1,1,0,9,0,0,0,0,0
2740,1,1,1,0,10,0,0,0,0,0
2741,1,1,1,0,11,0,0,0,0,0
2742,1,1,1,0,12,0,0,0,0,0
2743,1,1,1,0,13,0,0,0,0,0
2744,1,1,1,0,14,0,0,0,0,0
2745,1,1,1,0,15,0,0,0,0,0
2746,1,1,1,0,16,0,0,0,0,0
2747,1,1,1,0,17,0,0,0,0,0
2748,1,1,1,0,18,0,0,0,0,0
2749,1,1,1,0,19,0,0,0,0,0
2750,1,1,1,0,20,0,0,0,0,0
2751,1,1,1,0,21,0,0,0,0,0
2752,1,1,1,0,22,0,0,0,0,0
2753,1,1,1,0,23,0,0,0,0,0
2754,1,1,1,0,24,0,0,0,0,0
2755,1,1,1,0,25,0,0,0,0,0
2756,1,1,1,0,26,0,0,0,0,0
2757,1,1,1,0,27,0,0,0,0,0
2758,1,1,1,0,28,0,0,0,0,0
2759,1,1,1,0,29,0,0,0,0,0
2760,1,1,1,0,30,0,0,0,0,0
2761,1,1,1,0,31,0,0,0,0,0
2762,1,1,1,0,32,0,0,0,0,0
2763,1,1,1,0,33,0,0,0,0,0
2764,1,1,1,0,34,0,0,0,0,0
2765,1,1,1,0,35,0,0,0,0,0
2766,1,1,1,0,36,0,0,0,0,0
2767,1,1,1,0,37,0,0,0,0,0
2768,1,1,1,0,38,0,0,0,0,0
2769,1,1,1,0,0,1,0,0,0,0
2770,1,1,1,0,1,1,0,0,0,0
2771,1,1,1,0,2,1,0,0,0,0
2772,1,1,1,0,3,1,0,0,0,0
2773,1,1,1,0,4,1,0,0,0,0
2774,1,1,1,0,5,1,0,0,0,0
2775,1,1,1,0,6,1,0,0,0,0
2776,1,1,1,0,7,1,0,0,0,0
2777,1,1,1,0,8,1,0,0,0,0
2778,1,1,1,0,9,1,0,0,0,0
2779,1,1,1,0,10,1,0,0,0,0
2780,1,1,1,0,11,1,0,0,0,0
2781,1,1,1,0,12,1,0,0,0,0
2782,1,1,1,0,13,1,0,0,0,0
2783,1,1,1,0,14,1,0,0,0,0
2784,1,1,1,0,15,1,0,0,0,0
2785,1,1,1,0,16,1,0,0,0,0
2786,1,1,1,0,17,1,0,0,0,0
2787,1,1,1,0,18,1,0,0,0,0
2788,1,1,1,0,19,1,0,0,0,0
2789,1,1,1,0,20,1,0,0,0,0
2790,1,1,1,0,21,1,0,0,0,0
2791,1,1,1,0,22,1,0,0,0,0
2792,1,1,1,0,23,1,0,0,0,0
2793,1,1,1,0,24,1,0,0,0,0
2794,1,1,1,0,25,1,0,0,0,0
2795,1,1,1,0,26,1,0,0,0,0
2796,1,1,1,0,27,1,0,0,0,0
2797,1,1,1,0,28,1,0,0,0,0
2798,1,1,1,0,29,1,0,0,0,0
2799,1,1,1,0,30,1,0,0,0,0
2800,1,1,1,0,31,1,0,0,0,0
2801,1,1,1,0,32,1,0,0,0,0
2802,1,1,1,0,33,1,0,0,0,0
2803,1,1,1,0,34,1,0,0,0,0
2804,1,1,1,0,35,1,0,0,0,0
2805,1,1,1,0,36,1,0,0,0,0
2806,1,1,1,0,37,1,0,0,0,0
2807,1,1,1,0,38,1,0,0,0,0
2808,1,1,1,0,0,2,0,0,0,0
2809,1,1,1,0,1,2,0,0,0,0
2810,1,1,1,0,2,2,0,0,0,0
2811,1,1,1,0,3,2,0,0,0,0
2812,1,1,1,0,4,2,0,0,0,0
2813,1,1,1,0,5,2,0,0,0,0
2814,1,1,1,0,6,2,0,0,0,0
2815,1,1,1,0,7,2,0,0,0,0
2816,1,1,1,0,8,2,0,0,0,0
2817,1,1,1,0,9,2,0,0,0,0
2818,1,1,1,0,10,2,0,0,0,0
2819,1,1,1,0,11,2,0,0,0,0
2820,1,1,1,0,12,2,0,0,0,0
2821,1,1,1,0,13,2,0,0,0,0
2822,1,1,1,0,14,2,0,0,0,0
2823,1,1,1,0,15,2,0,0,0,0
2824,1,1,1,0,16,2,0,0,0,0
2825,1,1,1,0,17,2,0,0,0,0
2826,1,1,1,0,18,2,0,0,0,0
2827,1,1,1,0,19,2,0,0,0,0
2828,1,1,1,0,20,2,0,0,0,0
2829,1,1,1,0,21,2,0,0,0,0
2830,1,1,1,0,22,2,0,0,0,0
2831,1,1,1,0,23,2,0,0,0,0
2832,1,1,1,0,24,2,0,0,0,0
2833,1,1,1,0,25,2,0,0,0,0
2834,1,1,1,0,26,2,0,0,0,0
2835,1,1,1,0,27,2,0,0,0,0
2836,1,1,1,0,28,2,0,0,0,0
2837,1,1,1,0,29,2,0,0,0,0
2838,1,1,1,0,30,2,0,0,0,0
2839,1,1,1,0,31,2,0,0,0,0
2840,1,1,1,0,32,2,0,0,0,0
2841,1,1,1,0,33,2,0,0,0,0
2842,1,1,1,0,34,2,0,0,0,0
2843,1,1,1,0,35,2,0,0,0,0
2844,1,1,1,0,36,2,0,0,0,0
2845,1,1,1,0,37,2,0,0,0,0
2846,1,1,1,0,38,2,0,0,0,0
2847,1,1,1,0,0,3,0,0,0,0
2848,1,1,1,0,1,3,0,0,0,0
2849,1,1,1,0,2,3,0,0,0,0
2850,1,1,1,0,3,3,0,0,0,0
2851,1,1,1,0,4,3,0,0,0,0
2852,1,1,1,0,5,3,0,0,0,0
2853,1,1,1,0,6,3,0,0,0,0
2854,1,1,1,0,7,3,0,0,0,0
2855,1,1,1,0,8,3,0,0,0,0
2856,1,1,1,0,9,3,0,0,0,0
2857,1,1,1,0,10,3,0,0,0,0
2858,1,1,1,0,11,3,0,0,0,0
2859,1,1,1,0,12,3,0,0,0,0
2860,1,1,1,0,13,3,0,0,0,0
2861,1,1,1,0,14,3,0,0,0,0
2862,1,1,1,0,15,3,0,0,0,0
2863,1,1,1,0,16,3,0,0,0,0
2864,1,1,1,0,17,3,0,0,0,0
2865,1,1,1,0,18,3,0,0,0,0
2866,1,1,1,0,19,3,0,0,0,0
2867,1,1,1,0,20,3,0,0,0,0
2868,1,1,1,0,21,3,0,0,0,0
2869,1,1,1,0,22,3,0,0,0,0
2870,1,1,1,0,23,3,0,0,0,0
2871,1,1,1,0,24,3,0,0,0,0
2872,1,1,1,0,25,3,0,0,0,0
2873,1,1,1,0,26,3,0,0,0,0
2874,1,1,1,0,27,3,0,0,0,0
2875,1,1,1,0,28,3,0,0,0,0
2876,1,1,1,0,29,3,0,0,0,0
2877,1,1,1,0,30,3,0,0,0,0
2878,1,1,1,0,31,3,0,0,0,0
2879,1,1,1,0,32,3,0,0,0,0
2880,1,1,1,0,33,3,0,0,0,0
2881,1,1,1,0,34,3,0,0,0,0
2882,1,1,1,0,35,3,0,0,0,0
2883,1,1,1,0,36,3,0,0,0,0
2884,1,1,1,0,37,3,0,0,0,0
2885,1,1,1,0,38,3,0,0,0,0
2886,1,1,1,0,0,4,0,0,0,0
2887,1,1,1,0,1,4,0,0,0,0
2888,1,1,1,0,2,4,0,0,0,0
2889,1,1,1,0,3,4,0,0,0,0
2890,1,1,1,0,4,4,0,0,0,0
2891,1,1,1,0,5,4,0,0,0,0
2892,1,1,1,0,6,4,0,0,0,0
2893,1,1,1,0,7,4,0,0,0,0
2894,1,1,1,0,8,4,0,0,0,0
2895,1,1,1,0,9,4,0,0,0,0
2896,1,1,1,0,10,4,0,0,0,0
2897,1,1,1,0,11,4,0,0,0,0
2898,1,1,1,0,12,4,0,0,0,0
2899,1,1,1,0,13,4,0,0,0,0
2900,1,1,1,0,14,4,0,0,0,0
2901,1,1,1,0,15,4,0,0,0,0
2902,1,1,1,0,16,4,0,0,0,0
2903,1,1,1,0,17,4,0,0,0,0
2904,1,1,1,0,18,4,0,0,0,0
2905,1,1,1,0,19,4,0,0,0,0
2906,1,1,1,0,20,4,0,0,0,0
2907,1,1,1,0,21,4,0,0,0,0
2908,1,1,1,0,22,4,0,0,0,0
2909,1,1,1,0,23,4,0,0,0,0
2910,1,1,1,0,24,4,0,0,0,0
2911,1,1,1,0,25,4,0,0,0,0
2912,1,1,1,0,26,4,0,0,0,0
2913,1,1,1,0,27,4,0,0,0,0
2914,1,1,1,0,28,4,0,0,0,0
2915,1,1,1,0,29,4,0,0,0,0
2916,1,1,1,0,30,4,0,0,0,0
2917,1,1,1,0,31,4,0,0,0,0
2918,1,1,1,0,32,4,0,0,0,0
2919,1,1,1,0,33,4,0,0,0,0
2920,1,1,1,0,34,4,0,0,0,0
2921,1,1,1,0,35,4,0,0,0,0
2922,1,1,1,0,36,4,0,0,0,0
2923,1,1,1,0,37,4,0,0,0,0
2924,1,1,1,0,38,4,0,0,0,0
2925,1,1,1,1,0,0,0,0,0,0
2926,1,1,1,1,1,0,0,0,0,0
2927,1,1,1,1,2,0,0,0,0,0
2928,1,1,1,1,3,0,0,0,0,0
2929,1,1,1,1,4,0,0,0,0,0
2930,1,1,1,1,5,0,0,0,0,0
2931,1,1,1,1,6,0,0,0,0,0
2932,1,1,1,1,7,0,0,0,0,0
2933,1,1,1,1,8,0,0,0,0,0
2934,1,1,1,1,9,0,0,0,0,0
2935,1,1,1,1,10,0,0,0,0,0
2936,1,1,1,1,11,0,0,0,0,0
2937,1,1,1,1,12,0,0,0,0,0
2938,1,1,1,1,13,0,0,0,0,0
2939,1,1,1,1,14,0,0,0,0,0
2940,1,1,1,1,15,0,0,0,0,0
2941,1,1,1,1,16,0,0,0,0,0
2942,1,1,1,1,17,0,0,0,0,0
2943,1,1,1,1,18,0,0,0,0,0
2944,1,1,1,1,19,0,0,0,0,0
2945,1,1,1,1,20,0,0,0,0,0
2946,1,1,1,1,21,0,0,0,0,0
2947,1,1,1,1,22,0,0,0,0,0
2948,1,1,1,1,23,0,0,0,0,0
2949,1,1,1,1,24,0,0,0,0,0
2950,1,1,1,1,25,0,0,0,0,0
2951,1,1,1,1,26,0,0,0,0,0
2952,1,1,1,1,27,0,0,0,0,0
2953,1,1,1,1,28,0,0,0,0,0
2954,1,1,1,1,29,0,0,0,0,0
2955,1,1,1,1,30,0,0,0,0,0
2956,1,1,1,1,31,0,0,0,0,0
2957,1,1,1,1,32,0,0,0,0,0
2958,1,1,1,1,33,0,0,0,0,0
2959,1,1,1,1,34,0,0,0,0,0
2960,1,1,1,1,35,0,0,0,0,0
2961,1,1,1,1,36,0,0,0,0,0
2962,1,1,1,1,37,0,0,0,0,0
2963,1,1,1,1,38,0,0,0,0,0
2964,1,1,1,1,0,1,0,0,0,0
2965,1,1,1,1,1,1,0,0,0,0
2966,1,1,1,1,2,1,0,0,0,0
2967,1,1,1,1,3,1,0,0,0,0
2968,1,1,1,1,4,1,0,0,0,0
2969,1,1,1,1,5,1,0,0,0,0
2970,1,1,1,1,6,1,0,0,0,0
2971,1,1,1,1,7,1,0,0,0,0
2972,1,1,1,1,8,1,0,0,0,0
2973,1,1,1,1,9,1,0,0,0,0
2974,1,1,1,1,10,1,0,0,0,0
2975,1,1,1,1,11,1,0,0,0,0
2976,1,1,1,1,12,1,0,0,0,0
2977,1,1,1,1,13,1,0,0,0,0
2978,1,1,1,1,14,1,0,0,0,0
2979,1,1,1,1,15,1,0,0,0,0
2980,1,1,1,1,16,1,0,0,0,0
2981,1,1,1,1,17,1,0,0,0,0
2982,1,1,1,1,18,1,0,0,0,0
2983,1,1,1,1,19,1,0,0,0,0
2984,1,1,1,1,20,1,0,0,0,0
2985,1,1,1,1,21,1,0,0,0,0
2986,1,1,1,1,22,1,0,0,0,0
2987,1,1,1,1,23,1,0,0,0,0
2988,1,1,1,1,24,1,0,0,0,0
2989,1,1,1,1,25,1,0,0,0,0
2990,1,1,1,1,26,1,0,0,0,0
2991,1,1,1,1,27,1,0,0,0,0
2992,1,1,1,1,28,1,0,0,0,0
2993,1,1,1,1,29,1,0,0,0,0
2994,1,1,1,1,30,1,0,0,0,0
2995,1,1,1,1,31,1,0,0,0,0
2996,1,1,1,1,32,1,0,0,0,0
2997,1,1,1,1,33,1,0,0,0,0
2998,1,1,1,1,34,1,0,0,0,0
2999,1,1,1,1,35,1,0,0,0,0
3000,1,1,1,1,36,1,0,0,0,0
3001,1,1,1,1,37,1,0,0,0,0
3002,1,1,1,1,38,1,0,0,0,0
3003,1,1,1,1,0,2,0,0,0,0
3004,1,1,1,1,1,2,0,0,0,0
3005,1,1,1,1,2,2,0,0,0,0
3006,1,1,1,1,3,2,0,0,0,0
3007,1,1,1,1,4,2,0,0,0,0
3008,1,1,1,1,5,2,0,0,0,0
3009,1,1,1,1,6,2,0,0,0,0
3010,1,1,1,1,7,2,0,0,0,0
3011,1,1,1,1,8,2,0,0,0,0
3012,1,1,1,1,9,2,0,0,0,0
3013,1,1,1,1,10,2,0,0,0,0
3014,1,1,1,1,11,2,0,0,0,0
3015,1,1,1,1,12,2,0,0,0,0
3016,1,1,1,1,13,2,0,0,0,0
3017,1,1,1,1,14,2,0,0,0,0
3018,1,1,1,1,15,2,0,0,0,0
3019,1,1,1,1,16,2,0,0,0,0
3020,1,1,1,1,17,2,0,0,0,0
3021,1,1,1,1,18,2,0,0,0,0
3022,1,1,1,1,19,2,0,0,0,0
3023,1,1,1,1,20,2,0,0,0,0
3024,1,1,1,1,21,2,0,0,0,0
3025,1,1,1,1,22,2,0,0,0,0
3026,1,1,1,1,23,2,0,0,0,0
3027,1,1,1,1,24,2,0,0,0,0
3028,1,1,1,1,25,2,0,0,0,0
3029,1,1,1,1,26,2,0,0,0,0
3030,1,1,1,1,27,2,0,0,0,0
3031,1,1,1,1,28,2,0,0,0,0
3032,1,1,1,1,29,2,0,0,0,0
3033,1,1,1,1,30,2,0,0,0,0
3034,1,1,1,1,31,2,0,0,0,0
3035,1,1,1,1,32,2,0,0,0,0
3036,1,1,1,1,33,2,0,0,0,0
3037,1,1,1,1,34,2,0,0,0,0
3038,1,1,1,1,35,2,0,0,0,0
3039,1,1,1,1,36,2,0,0,0,0
3040,1,1,1,1,37,2,0,0,0,0
3041,1,1,1,1,38,2,0,0,0,0
3042,1,1,1,1,0,3,0,0,0,0
3043,1,1,1,1,1,3,0,0,0,0
3044,1,1,1,1,2,3,0,0,0,0
3045,1,1,1,1,3,3,0,0,0,0
3046,1,1,1,1,4,3,0,0,0,0
3047,1,1,1,1,5,3,0,0,0,0
3048,1,1,1,1,6,3,0,0,0,0
3049,1,1,1,1,7,3,0,0,0,0
3050,1,1,1,1,8,3,0,0,0,0
3051,1,1,1,1,9,3,0,0,0,0
3052,1,1,1,1,10,3,0,0,0,0
3053,1,1,1,1,11,3,0,0,0,0
3054,1,1,1,1,12,3,0,0,0,0
3055,1,1,1,1,13,3,0,0,0,0
3056,1,1,1,1,14,3,0,0,0,0
3057,1,1,1,1,15,3,0,0,0,0
3058,1,1,1,1,16,3,0,0,0,0
3059,1,1,1,1,17,3,0,0,0,0
3060,1,1,1,1,18,3,0,0,0,0
3061,1,1,1,1,19,3,0,0,0,0
3062,1,1,1,1,20,3,0,0,0,0
3063,1,1,1,1,21,3,0,0,0,0
3064,1,1,1,1,22,3,0,0,0,0
3065,1,1,1,1,23,3,0,0,0,0
3066,1,1,1,1,24,3,0,0,0,0
3067,1,1,1,1,25,3,0,0,0,0
3068,1,1,1,1,26,3,0,0,0,0
3069,1,1,1,1,27,3,0,0,0,0
3070,1,1,1,1,28,3,0,0,0,0
3071,1,1,1,1,29,3,0,0,0,0
3072,1,1,1,1,30,3,0,0,0,0
3073,1,1,1,1,31,3,0,0,0,0
3074,1,1,1,1,32,3,0,0,0,0
3075,1,1,1,1,33,3,0,0,0,0
3076,1,1,1,1,34,3,0,0,0,0
3077,1,1,1,1,35,3,0,0,0,0
3078,1,1,1,1,36,3,0,0,0,0
3079,1,1,1,1,37,3,0,0,0,0
3080,1,1,1,1,38,3,0,0,0,0
3081,1,1,1,1,0,4,0,0,0,0
3082,1,1,1,1,1,4,0,0,0,0
3083,1,1,1,1,2,4,0,0,0,0
3084,1,1,1,1,3,4,0,0,0,0
3085,1,1,1,1,4,4,0,0,0,0
3086,1,1,1,1,5,4,0,0,0,0
3087,1,1,1,1,6,4,0,0,0,0
3088,1,1,1,1,7,4,0,0,0,0
3089,1,1,1,1,8,4,0,0,0,0
3090,1,1,1,1,9,4,0,0,0,0
3091,1,1,1,1,10,4,0,0,0,0
3092,1,1,1,1,11,4,0,0,0,0
3093,1,1,1,1,12,4,0,0,0,0
3094,1,1,1,1,13,4,0,0,0,0
3095,1,1,1,1,14,4,0,0,0,0
3096,1,1,1,1,15,4,0,0,0,0
3097,1,1,1,1,16,4,0,0,0,0
3098,1,1,1,1,17,4,0,0,0,0
3099,1,1,1,1,18,4,0,0,0,0
3100,1,1,1,1,19,4,0,0,0,0
3101,1,1,1,1,20,4,0,0,0,0
3102,1,1,1,1,21,4,0,0,0,0
3103,1,1,1,1,22,4,0,0,0,0
3104,1,1,1,1,23,4,0,0,0,0
3105,1,1,1,1,24,4,0,0,0,0
3106,1,1,1,1,25,4,0,0,0,0
3107,1,1,1,1,26,4,0,0,0,0
3108,1,1,1,1,27,4,0,0,0,0
3109,1,1,1,1,28,4,0,0,0,0
3110,1,1,1,1,29,4,0,0,0,0
3111,1,1,1,1,30,4,0,0,0,0
3112,1,1,1,1,31,4,0,0,0,0
3113,1,1,1,1,32,4,0,0,0,0
3114,1,1,1,1,33,4,0,0,0,0
3115,1,1,1,1,34,4,0,0,0,0
3116,1,1,1,1,35,4,0,0,0,0
3117,1,1,1,1,36,4,0,0,0,0
3118,1,1,1,1,37,4,0,0,0,0
3119,1,1,1,1,38,4,0,0,0,0
